file,line,type,commit,author,date,time,timezone,datetime,depth,length
style.css,1,css,0c657f41,MarcoLIU27,2025-01-17,19:32:25,-08:00,2025-01-17T19:32:25-08:00,0,6
style.css,2,css,4d1ca9c2,MarcoLIU27,2025-01-24,03:13:00,-08:00,2025-01-24T03:13:00-08:00,0,40
style.css,3,css,0c657f41,MarcoLIU27,2025-01-17,19:32:25,-08:00,2025-01-17T19:32:25-08:00,0,0
style.css,4,css,0c657f41,MarcoLIU27,2025-01-17,19:32:25,-08:00,2025-01-17T19:32:25-08:00,0,0
style.css,5,css,0c657f41,MarcoLIU27,2025-01-17,19:32:25,-08:00,2025-01-17T19:32:25-08:00,0,5
style.css,6,css,0c657f41,MarcoLIU27,2025-01-17,19:32:25,-08:00,2025-01-17T19:32:25-08:00,0,33
style.css,7,css,4d1ca9c2,MarcoLIU27,2025-01-24,03:13:00,-08:00,2025-01-24T03:13:00-08:00,0,24
style.css,8,css,0c657f41,MarcoLIU27,2025-01-17,19:32:25,-08:00,2025-01-17T19:32:25-08:00,0,0
style.css,9,css,0c657f41,MarcoLIU27,2025-01-17,19:32:25,-08:00,2025-01-17T19:32:25-08:00,0,0
style.css,10,css,6092828c,MarcoLIU27,2025-01-17,06:47:46,-08:00,2025-01-17T06:47:46-08:00,0,5
style.css,11,css,6092828c,MarcoLIU27,2025-01-17,06:47:46,-08:00,2025-01-17T06:47:46-08:00,0,44
style.css,12,css,2c458364,MarcoLIU27,2025-02-14,03:36:20,-08:00,2025-02-14T03:36:20-08:00,0,43
style.css,13,css,6092828c,MarcoLIU27,2025-01-17,06:47:46,-08:00,2025-01-17T06:47:46-08:00,0,1
style.css,14,css,6092828c,MarcoLIU27,2025-01-17,06:47:46,-08:00,2025-01-17T06:47:46-08:00,0,24
style.css,15,css,607e8756,MarcoLIU27,2025-02-07,18:26:13,-08:00,2025-02-07T18:26:13-08:00,0,16
style.css,16,css,4d1ca9c2,MarcoLIU27,2025-01-24,03:13:00,-08:00,2025-01-24T03:13:00-08:00,0,43
style.css,17,css,0c657f41,MarcoLIU27,2025-01-17,19:32:25,-08:00,2025-01-17T19:32:25-08:00,0,0
style.css,18,css,0c657f41,MarcoLIU27,2025-01-17,19:32:25,-08:00,2025-01-17T19:32:25-08:00,0,0
style.css,19,css,607e8756,MarcoLIU27,2025-02-07,18:26:13,-08:00,2025-02-07T18:26:13-08:00,0,2
style.css,20,css,607e8756,MarcoLIU27,2025-02-07,18:26:13,-08:00,2025-02-07T18:26:13-08:00,0,2
style.css,21,css,607e8756,MarcoLIU27,2025-02-07,18:26:13,-08:00,2025-02-07T18:26:13-08:00,0,2
style.css,22,css,607e8756,MarcoLIU27,2025-02-07,18:26:13,-08:00,2025-02-07T18:26:13-08:00,0,2
style.css,23,css,607e8756,MarcoLIU27,2025-02-07,18:26:13,-08:00,2025-02-07T18:26:13-08:00,0,2
style.css,24,css,607e8756,MarcoLIU27,2025-02-07,18:26:13,-08:00,2025-02-07T18:26:13-08:00,0,3
style.css,25,css,0c657f41,MarcoLIU27,2025-01-17,19:32:25,-08:00,2025-01-17T19:32:25-08:00,0,16
style.css,26,css,0c657f41,MarcoLIU27,2025-01-17,19:32:25,-08:00,2025-01-17T19:32:25-08:00,0,0
style.css,27,css,0c657f41,MarcoLIU27,2025-01-17,19:32:25,-08:00,2025-01-17T19:32:25-08:00,0,0
style.css,28,css,0c657f41,MarcoLIU27,2025-01-17,19:32:25,-08:00,2025-01-17T19:32:25-08:00,0,3
style.css,29,css,0c657f41,MarcoLIU27,2025-01-17,19:32:25,-08:00,2025-01-17T19:32:25-08:00,0,15
style.css,30,css,4d1ca9c2,MarcoLIU27,2025-01-24,03:13:00,-08:00,2025-01-24T03:13:00-08:00,0,18
style.css,31,css,4d1ca9c2,MarcoLIU27,2025-01-24,03:13:00,-08:00,2025-01-24T03:13:00-08:00,0,12
style.css,32,css,4d1ca9c2,MarcoLIU27,2025-01-24,03:13:00,-08:00,2025-01-24T03:13:00-08:00,0,0
style.css,33,css,4d1ca9c2,MarcoLIU27,2025-01-24,03:13:00,-08:00,2025-01-24T03:13:00-08:00,0,0
style.css,34,css,4d1ca9c2,MarcoLIU27,2025-01-24,03:13:00,-08:00,2025-01-24T03:13:00-08:00,0,14
style.css,35,css,4d1ca9c2,MarcoLIU27,2025-01-24,03:13:00,-08:00,2025-01-24T03:13:00-08:00,0,18
style.css,36,css,4d1ca9c2,MarcoLIU27,2025-01-24,03:13:00,-08:00,2025-01-24T03:13:00-08:00,0,9
style.css,37,css,4d1ca9c2,MarcoLIU27,2025-01-24,03:13:00,-08:00,2025-01-24T03:13:00-08:00,0,11
style.css,38,css,4d1ca9c2,MarcoLIU27,2025-01-24,03:13:00,-08:00,2025-01-24T03:13:00-08:00,0,14
style.css,39,css,4d1ca9c2,MarcoLIU27,2025-01-24,03:13:00,-08:00,2025-01-24T03:13:00-08:00,0,20
style.css,40,css,0c657f41,MarcoLIU27,2025-01-17,19:32:25,-08:00,2025-01-17T19:32:25-08:00,0,0
style.css,41,css,0c657f41,MarcoLIU27,2025-01-17,19:32:25,-08:00,2025-01-17T19:32:25-08:00,0,0
style.css,42,css,0c657f41,MarcoLIU27,2025-01-17,19:32:25,-08:00,2025-01-17T19:32:25-08:00,0,4
style.css,43,css,0c657f41,MarcoLIU27,2025-01-17,19:32:25,-08:00,2025-01-17T19:32:25-08:00,0,13
style.css,44,css,0c657f41,MarcoLIU27,2025-01-17,19:32:25,-08:00,2025-01-17T19:32:25-08:00,0,23
style.css,45,css,0c657f41,MarcoLIU27,2025-01-17,19:32:25,-08:00,2025-01-17T19:32:25-08:00,0,18
style.css,46,css,0c657f41,MarcoLIU27,2025-01-17,19:32:25,-08:00,2025-01-17T19:32:25-08:00,0,18
style.css,47,css,0c657f41,MarcoLIU27,2025-01-17,19:32:25,-08:00,2025-01-17T19:32:25-08:00,0,44
style.css,48,css,0c657f41,MarcoLIU27,2025-01-17,19:32:25,-08:00,2025-01-17T19:32:25-08:00,0,0
style.css,49,css,0c657f41,MarcoLIU27,2025-01-17,19:32:25,-08:00,2025-01-17T19:32:25-08:00,0,0
style.css,50,css,0c657f41,MarcoLIU27,2025-01-17,19:32:25,-08:00,2025-01-17T19:32:25-08:00,0,6
style.css,51,css,0c657f41,MarcoLIU27,2025-01-17,19:32:25,-08:00,2025-01-17T19:32:25-08:00,0,7
style.css,52,css,0c657f41,MarcoLIU27,2025-01-17,19:32:25,-08:00,2025-01-17T19:32:25-08:00,0,14
style.css,53,css,0c657f41,MarcoLIU27,2025-01-17,19:32:25,-08:00,2025-01-17T19:32:25-08:00,0,21
style.css,54,css,0c657f41,MarcoLIU27,2025-01-17,19:32:25,-08:00,2025-01-17T19:32:25-08:00,0,14
style.css,55,css,0c657f41,MarcoLIU27,2025-01-17,19:32:25,-08:00,2025-01-17T19:32:25-08:00,0,0
style.css,56,css,0c657f41,MarcoLIU27,2025-01-17,19:32:25,-08:00,2025-01-17T19:32:25-08:00,0,0
style.css,57,css,0c657f41,MarcoLIU27,2025-01-17,19:32:25,-08:00,2025-01-17T19:32:25-08:00,0,14
style.css,58,css,0c657f41,MarcoLIU27,2025-01-17,19:32:25,-08:00,2025-01-17T19:32:25-08:00,0,46
style.css,59,css,0c657f41,MarcoLIU27,2025-01-17,19:32:25,-08:00,2025-01-17T19:32:25-08:00,0,21
style.css,60,css,0c657f41,MarcoLIU27,2025-01-17,19:32:25,-08:00,2025-01-17T19:32:25-08:00,0,0
style.css,61,css,0c657f41,MarcoLIU27,2025-01-17,19:32:25,-08:00,2025-01-17T19:32:25-08:00,0,0
style.css,62,css,0c657f41,MarcoLIU27,2025-01-17,19:32:25,-08:00,2025-01-17T19:32:25-08:00,0,12
style.css,63,css,0c657f41,MarcoLIU27,2025-01-17,19:32:25,-08:00,2025-01-17T19:32:25-08:00,0,46
style.css,64,css,0c657f41,MarcoLIU27,2025-01-17,19:32:25,-08:00,2025-01-17T19:32:25-08:00,0,58
style.css,65,css,0c657f41,MarcoLIU27,2025-01-17,19:32:25,-08:00,2025-01-17T19:32:25-08:00,0,21
style.css,66,css,0c657f41,MarcoLIU27,2025-01-17,19:32:25,-08:00,2025-01-17T19:32:25-08:00,0,0
style.css,67,css,0c657f41,MarcoLIU27,2025-01-17,19:32:25,-08:00,2025-01-17T19:32:25-08:00,0,0
style.css,68,css,4d1ca9c2,MarcoLIU27,2025-01-24,03:13:00,-08:00,2025-01-24T03:13:00-08:00,0,36
style.css,69,css,4d1ca9c2,MarcoLIU27,2025-01-24,03:13:00,-08:00,2025-01-24T03:13:00-08:00,0,12
style.css,70,css,607e8756,MarcoLIU27,2025-02-07,18:26:13,-08:00,2025-02-07T18:26:13-08:00,0,70
style.css,71,css,4d1ca9c2,MarcoLIU27,2025-01-24,03:13:00,-08:00,2025-01-24T03:13:00-08:00,0,0
style.css,72,css,607e8756,MarcoLIU27,2025-02-07,18:26:13,-08:00,2025-02-07T18:26:13-08:00,0,0
style.css,73,css,4d1ca9c2,MarcoLIU27,2025-01-24,03:13:00,-08:00,2025-01-24T03:13:00-08:00,0,0
style.css,74,css,4d1ca9c2,MarcoLIU27,2025-01-24,03:13:00,-08:00,2025-01-24T03:13:00-08:00,0,7
style.css,75,css,4d1ca9c2,MarcoLIU27,2025-01-24,03:13:00,-08:00,2025-01-24T03:13:00-08:00,0,13
style.css,76,css,4d1ca9c2,MarcoLIU27,2025-01-24,03:13:00,-08:00,2025-01-24T03:13:00-08:00,0,9
style.css,77,css,4d1ca9c2,MarcoLIU27,2025-01-24,03:13:00,-08:00,2025-01-24T03:13:00-08:00,0,19
style.css,78,css,4d1ca9c2,MarcoLIU27,2025-01-24,03:13:00,-08:00,2025-01-24T03:13:00-08:00,0,30
style.css,79,css,4d1ca9c2,MarcoLIU27,2025-01-24,03:13:00,-08:00,2025-01-24T03:13:00-08:00,0,0
style.css,80,css,4d1ca9c2,MarcoLIU27,2025-01-24,03:13:00,-08:00,2025-01-24T03:13:00-08:00,0,0
style.css,81,css,4d1ca9c2,MarcoLIU27,2025-01-24,03:13:00,-08:00,2025-01-24T03:13:00-08:00,0,0
style.css,82,css,0c657f41,MarcoLIU27,2025-01-17,19:32:25,-08:00,2025-01-17T19:32:25-08:00,0,9
style.css,83,css,0c657f41,MarcoLIU27,2025-01-17,19:32:25,-08:00,2025-01-17T19:32:25-08:00,0,13
style.css,84,css,0c657f41,MarcoLIU27,2025-01-17,19:32:25,-08:00,2025-01-17T19:32:25-08:00,0,31
style.css,85,css,0c657f41,MarcoLIU27,2025-01-17,19:32:25,-08:00,2025-01-17T19:32:25-08:00,0,8
style.css,86,css,0c657f41,MarcoLIU27,2025-01-17,19:32:25,-08:00,2025-01-17T19:32:25-08:00,0,0
style.css,87,css,0c657f41,MarcoLIU27,2025-01-17,19:32:25,-08:00,2025-01-17T19:32:25-08:00,0,0
style.css,88,css,0c657f41,MarcoLIU27,2025-01-17,19:32:25,-08:00,2025-01-17T19:32:25-08:00,0,15
style.css,89,css,0c657f41,MarcoLIU27,2025-01-17,19:32:25,-08:00,2025-01-17T19:32:25-08:00,0,13
style.css,90,css,0c657f41,MarcoLIU27,2025-01-17,19:32:25,-08:00,2025-01-17T19:32:25-08:00,0,30
style.css,91,css,0c657f41,MarcoLIU27,2025-01-17,19:32:25,-08:00,2025-01-17T19:32:25-08:00,0,19
style.css,92,css,0c657f41,MarcoLIU27,2025-01-17,19:32:25,-08:00,2025-01-17T19:32:25-08:00,0,0
style.css,93,css,0c657f41,MarcoLIU27,2025-01-17,19:32:25,-08:00,2025-01-17T19:32:25-08:00,0,0
style.css,94,css,0c657f41,MarcoLIU27,2025-01-17,19:32:25,-08:00,2025-01-17T19:32:25-08:00,0,16
style.css,95,css,0c657f41,MarcoLIU27,2025-01-17,19:32:25,-08:00,2025-01-17T19:32:25-08:00,0,19
style.css,96,css,0c657f41,MarcoLIU27,2025-01-17,19:32:25,-08:00,2025-01-17T19:32:25-08:00,0,0
style.css,97,css,0c657f41,MarcoLIU27,2025-01-17,19:32:25,-08:00,2025-01-17T19:32:25-08:00,0,0
style.css,98,css,0c657f41,MarcoLIU27,2025-01-17,19:32:25,-08:00,2025-01-17T19:32:25-08:00,0,10
style.css,99,css,0c657f41,MarcoLIU27,2025-01-17,19:32:25,-08:00,2025-01-17T19:32:25-08:00,0,13
style.css,100,css,0c657f41,MarcoLIU27,2025-01-17,19:32:25,-08:00,2025-01-17T19:32:25-08:00,0,59
style.css,101,css,0c657f41,MarcoLIU27,2025-01-17,19:32:25,-08:00,2025-01-17T19:32:25-08:00,0,0
style.css,102,css,0c657f41,MarcoLIU27,2025-01-17,19:32:25,-08:00,2025-01-17T19:32:25-08:00,0,0
style.css,103,css,0c657f41,MarcoLIU27,2025-01-17,19:32:25,-08:00,2025-01-17T19:32:25-08:00,0,18
style.css,104,css,0c657f41,MarcoLIU27,2025-01-17,19:32:25,-08:00,2025-01-17T19:32:25-08:00,0,13
style.css,105,css,0c657f41,MarcoLIU27,2025-01-17,19:32:25,-08:00,2025-01-17T19:32:25-08:00,0,27
style.css,106,css,0c657f41,MarcoLIU27,2025-01-17,19:32:25,-08:00,2025-01-17T19:32:25-08:00,0,16
style.css,107,css,0c657f41,MarcoLIU27,2025-01-17,19:32:25,-08:00,2025-01-17T19:32:25-08:00,0,8
style.css,108,css,0c657f41,MarcoLIU27,2025-01-17,19:32:25,-08:00,2025-01-17T19:32:25-08:00,0,13
style.css,109,css,0c657f41,MarcoLIU27,2025-01-17,19:32:25,-08:00,2025-01-17T19:32:25-08:00,0,0
style.css,110,css,0c657f41,MarcoLIU27,2025-01-17,19:32:25,-08:00,2025-01-17T19:32:25-08:00,0,0
style.css,111,css,0c657f41,MarcoLIU27,2025-01-17,19:32:25,-08:00,2025-01-17T19:32:25-08:00,0,21
style.css,112,css,0c657f41,MarcoLIU27,2025-01-17,19:32:25,-08:00,2025-01-17T19:32:25-08:00,0,9
style.css,113,css,0c657f41,MarcoLIU27,2025-01-17,19:32:25,-08:00,2025-01-17T19:32:25-08:00,0,0
style.css,114,css,0c657f41,MarcoLIU27,2025-01-17,19:32:25,-08:00,2025-01-17T19:32:25-08:00,0,0
style.css,115,css,b1dd25dc,MarcoLIU27,2025-01-17,19:46:37,-08:00,2025-01-17T19:46:37-08:00,0,8
style.css,116,css,b1dd25dc,MarcoLIU27,2025-01-17,19:46:37,-08:00,2025-01-17T19:46:37-08:00,0,30
style.css,117,css,b1dd25dc,MarcoLIU27,2025-01-17,19:46:37,-08:00,2025-01-17T19:46:37-08:00,0,0
style.css,118,css,b1dd25dc,MarcoLIU27,2025-01-17,19:46:37,-08:00,2025-01-17T19:46:37-08:00,0,0
style.css,119,css,b1dd25dc,MarcoLIU27,2025-01-17,19:46:37,-08:00,2025-01-17T19:46:37-08:00,0,16
style.css,120,css,b1dd25dc,MarcoLIU27,2025-01-17,19:46:37,-08:00,2025-01-17T19:46:37-08:00,0,13
style.css,121,css,b1dd25dc,MarcoLIU27,2025-01-17,19:46:37,-08:00,2025-01-17T19:46:37-08:00,0,17
style.css,122,css,b1dd25dc,MarcoLIU27,2025-01-17,19:46:37,-08:00,2025-01-17T19:46:37-08:00,0,18
style.css,123,css,b1dd25dc,MarcoLIU27,2025-01-17,19:46:37,-08:00,2025-01-17T19:46:37-08:00,0,43
style.css,124,css,b1dd25dc,MarcoLIU27,2025-01-17,19:46:37,-08:00,2025-01-17T19:46:37-08:00,0,16
style.css,125,css,b1dd25dc,MarcoLIU27,2025-01-17,19:46:37,-08:00,2025-01-17T19:46:37-08:00,0,0
style.css,126,css,b1dd25dc,MarcoLIU27,2025-01-17,19:46:37,-08:00,2025-01-17T19:46:37-08:00,0,0
style.css,127,css,b1dd25dc,MarcoLIU27,2025-01-17,19:46:37,-08:00,2025-01-17T19:46:37-08:00,0,19
style.css,128,css,b1dd25dc,MarcoLIU27,2025-01-17,19:46:37,-08:00,2025-01-17T19:46:37-08:00,0,14
style.css,129,css,b1dd25dc,MarcoLIU27,2025-01-17,19:46:37,-08:00,2025-01-17T19:46:37-08:00,0,32
style.css,130,css,b1dd25dc,MarcoLIU27,2025-01-17,19:46:37,-08:00,2025-01-17T19:46:37-08:00,0,19
style.css,131,css,b1dd25dc,MarcoLIU27,2025-01-17,19:46:37,-08:00,2025-01-17T19:46:37-08:00,0,18
style.css,132,css,b1dd25dc,MarcoLIU27,2025-01-17,19:46:37,-08:00,2025-01-17T19:46:37-08:00,0,0
style.css,133,css,b1dd25dc,MarcoLIU27,2025-01-17,19:46:37,-08:00,2025-01-17T19:46:37-08:00,0,0
style.css,134,css,b1dd25dc,MarcoLIU27,2025-01-17,19:46:37,-08:00,2025-01-17T19:46:37-08:00,0,16
style.css,135,css,b1dd25dc,MarcoLIU27,2025-01-17,19:46:37,-08:00,2025-01-17T19:46:37-08:00,0,19
style.css,136,css,b1dd25dc,MarcoLIU27,2025-01-17,19:46:37,-08:00,2025-01-17T19:46:37-08:00,0,0
style.css,137,css,0c657f41,MarcoLIU27,2025-01-17,19:32:25,-08:00,2025-01-17T19:32:25-08:00,0,0
style.css,138,css,b1dd25dc,MarcoLIU27,2025-01-17,19:46:37,-08:00,2025-01-17T19:46:37-08:00,0,26
style.css,139,css,b1dd25dc,MarcoLIU27,2025-01-17,19:46:37,-08:00,2025-01-17T19:46:37-08:00,0,14
style.css,140,css,b1dd25dc,MarcoLIU27,2025-01-17,19:46:37,-08:00,2025-01-17T19:46:37-08:00,0,0
style.css,141,css,b1dd25dc,MarcoLIU27,2025-01-17,19:46:37,-08:00,2025-01-17T19:46:37-08:00,0,0
style.css,142,css,b1dd25dc,MarcoLIU27,2025-01-17,19:46:37,-08:00,2025-01-17T19:46:37-08:00,0,18
style.css,143,css,b1dd25dc,MarcoLIU27,2025-01-17,19:46:37,-08:00,2025-01-17T19:46:37-08:00,0,18
style.css,144,css,b1dd25dc,MarcoLIU27,2025-01-17,19:46:37,-08:00,2025-01-17T19:46:37-08:00,0,14
style.css,145,css,607e8756,MarcoLIU27,2025-02-07,18:26:13,-08:00,2025-02-07T18:26:13-08:00,0,20
style.css,146,css,b1dd25dc,MarcoLIU27,2025-01-17,19:46:37,-08:00,2025-01-17T19:46:37-08:00,0,0
style.css,147,css,b1dd25dc,MarcoLIU27,2025-01-17,19:46:37,-08:00,2025-01-17T19:46:37-08:00,0,0
style.css,148,css,b1dd25dc,MarcoLIU27,2025-01-17,19:46:37,-08:00,2025-01-17T19:46:37-08:00,0,11
style.css,149,css,b1dd25dc,MarcoLIU27,2025-01-17,19:46:37,-08:00,2025-01-17T19:46:37-08:00,0,23
style.css,150,css,b1dd25dc,MarcoLIU27,2025-01-17,19:46:37,-08:00,2025-01-17T19:46:37-08:00,0,17
style.css,151,css,b1dd25dc,MarcoLIU27,2025-01-17,19:46:37,-08:00,2025-01-17T19:46:37-08:00,0,0
style.css,152,css,b1dd25dc,MarcoLIU27,2025-01-17,19:46:37,-08:00,2025-01-17T19:46:37-08:00,0,0
style.css,153,css,b1dd25dc,MarcoLIU27,2025-01-17,19:46:37,-08:00,2025-01-17T19:46:37-08:00,0,20
style.css,154,css,b1dd25dc,MarcoLIU27,2025-01-17,19:46:37,-08:00,2025-01-17T19:46:37-08:00,0,14
style.css,155,css,b1dd25dc,MarcoLIU27,2025-01-17,19:46:37,-08:00,2025-01-17T19:46:37-08:00,0,21
style.css,156,css,b1dd25dc,MarcoLIU27,2025-01-17,19:46:37,-08:00,2025-01-17T19:46:37-08:00,0,17
style.css,157,css,b1dd25dc,MarcoLIU27,2025-01-17,19:46:37,-08:00,2025-01-17T19:46:37-08:00,0,0
style.css,158,css,b1dd25dc,MarcoLIU27,2025-01-17,19:46:37,-08:00,2025-01-17T19:46:37-08:00,0,0
style.css,159,css,b1dd25dc,MarcoLIU27,2025-01-17,19:46:37,-08:00,2025-01-17T19:46:37-08:00,0,26
style.css,160,css,b1dd25dc,MarcoLIU27,2025-01-17,19:46:37,-08:00,2025-01-17T19:46:37-08:00,0,26
style.css,161,css,b1dd25dc,MarcoLIU27,2025-01-17,19:46:37,-08:00,2025-01-17T19:46:37-08:00,0,0
style.css,162,css,0c657f41,MarcoLIU27,2025-01-17,19:32:25,-08:00,2025-01-17T19:32:25-08:00,0,0
style.css,163,css,0d05d48d,MarcoLIU27,2025-01-31,18:58:49,-08:00,2025-01-31T18:58:49-08:00,0,7
style.css,164,css,0d05d48d,MarcoLIU27,2025-01-31,18:58:49,-08:00,2025-01-31T18:58:49-08:00,0,13
style.css,165,css,0d05d48d,MarcoLIU27,2025-01-31,18:58:49,-08:00,2025-01-31T18:58:49-08:00,0,19
style.css,166,css,0d05d48d,MarcoLIU27,2025-01-31,18:58:49,-08:00,2025-01-31T18:58:49-08:00,0,9
style.css,167,css,0d05d48d,MarcoLIU27,2025-01-31,18:58:49,-08:00,2025-01-31T18:58:49-08:00,0,16
style.css,168,css,0d05d48d,MarcoLIU27,2025-01-31,18:58:49,-08:00,2025-01-31T18:58:49-08:00,0,14
style.css,169,css,0d05d48d,MarcoLIU27,2025-01-31,18:58:49,-08:00,2025-01-31T18:58:49-08:00,0,0
style.css,170,css,0d05d48d,MarcoLIU27,2025-01-31,18:58:49,-08:00,2025-01-31T18:58:49-08:00,0,0
style.css,171,css,0d05d48d,MarcoLIU27,2025-01-31,18:58:49,-08:00,2025-01-31T18:58:49-08:00,0,8
style.css,172,css,0d05d48d,MarcoLIU27,2025-01-31,18:58:49,-08:00,2025-01-31T18:58:49-08:00,0,18
style.css,173,css,0d05d48d,MarcoLIU27,2025-01-31,18:58:49,-08:00,2025-01-31T18:58:49-08:00,0,17
style.css,174,css,0d05d48d,MarcoLIU27,2025-01-31,18:58:49,-08:00,2025-01-31T18:58:49-08:00,0,40
style.css,175,css,0d05d48d,MarcoLIU27,2025-01-31,18:58:49,-08:00,2025-01-31T18:58:49-08:00,0,0
style.css,176,css,0d05d48d,MarcoLIU27,2025-01-31,18:58:49,-08:00,2025-01-31T18:58:49-08:00,0,0
style.css,177,css,0d05d48d,MarcoLIU27,2025-01-31,18:58:49,-08:00,2025-01-31T18:58:49-08:00,0,5
style.css,178,css,0d05d48d,MarcoLIU27,2025-01-31,18:58:49,-08:00,2025-01-31T18:58:49-08:00,0,16
style.css,179,css,0d05d48d,MarcoLIU27,2025-01-31,18:58:49,-08:00,2025-01-31T18:58:49-08:00,0,17
style.css,180,css,0d05d48d,MarcoLIU27,2025-01-31,18:58:49,-08:00,2025-01-31T18:58:49-08:00,0,16
style.css,181,css,0d05d48d,MarcoLIU27,2025-01-31,18:58:49,-08:00,2025-01-31T18:58:49-08:00,0,0
style.css,182,css,0d05d48d,MarcoLIU27,2025-01-31,18:58:49,-08:00,2025-01-31T18:58:49-08:00,0,0
style.css,183,css,0d05d48d,MarcoLIU27,2025-01-31,18:58:49,-08:00,2025-01-31T18:58:49-08:00,0,15
style.css,184,css,0d05d48d,MarcoLIU27,2025-01-31,18:58:49,-08:00,2025-01-31T18:58:49-08:00,0,15
style.css,185,css,0d05d48d,MarcoLIU27,2025-01-31,18:58:49,-08:00,2025-01-31T18:58:49-08:00,0,14
style.css,186,css,0d05d48d,MarcoLIU27,2025-01-31,18:58:49,-08:00,2025-01-31T18:58:49-08:00,0,0
style.css,187,css,0d05d48d,MarcoLIU27,2025-01-31,18:58:49,-08:00,2025-01-31T18:58:49-08:00,0,0
style.css,188,css,0d05d48d,MarcoLIU27,2025-01-31,18:58:49,-08:00,2025-01-31T18:58:49-08:00,0,15
style.css,189,css,0d05d48d,MarcoLIU27,2025-01-31,18:58:49,-08:00,2025-01-31T18:58:49-08:00,0,17
style.css,190,css,0d05d48d,MarcoLIU27,2025-01-31,18:58:49,-08:00,2025-01-31T18:58:49-08:00,0,13
style.css,191,css,0d05d48d,MarcoLIU27,2025-01-31,18:58:49,-08:00,2025-01-31T18:58:49-08:00,0,59
style.css,192,css,0d05d48d,MarcoLIU27,2025-01-31,18:58:49,-08:00,2025-01-31T18:58:49-08:00,0,11
style.css,193,css,0d05d48d,MarcoLIU27,2025-01-31,18:58:49,-08:00,2025-01-31T18:58:49-08:00,0,14
style.css,194,css,0d05d48d,MarcoLIU27,2025-01-31,18:58:49,-08:00,2025-01-31T18:58:49-08:00,0,0
style.css,195,css,0d05d48d,MarcoLIU27,2025-01-31,18:58:49,-08:00,2025-01-31T18:58:49-08:00,0,0
style.css,196,css,0d05d48d,MarcoLIU27,2025-01-31,18:58:49,-08:00,2025-01-31T18:58:49-08:00,0,15
style.css,197,css,0d05d48d,MarcoLIU27,2025-01-31,18:58:49,-08:00,2025-01-31T18:58:49-08:00,0,37
style.css,198,css,0d05d48d,MarcoLIU27,2025-01-31,18:58:49,-08:00,2025-01-31T18:58:49-08:00,0,19
style.css,199,css,0d05d48d,MarcoLIU27,2025-01-31,18:58:49,-08:00,2025-01-31T18:58:49-08:00,0,27
style.css,200,css,0d05d48d,MarcoLIU27,2025-01-31,18:58:49,-08:00,2025-01-31T18:58:49-08:00,0,23
style.css,201,css,0d05d48d,MarcoLIU27,2025-01-31,18:58:49,-08:00,2025-01-31T18:58:49-08:00,0,0
style.css,202,css,0d05d48d,MarcoLIU27,2025-01-31,18:58:49,-08:00,2025-01-31T18:58:49-08:00,0,0
style.css,203,css,0d05d48d,MarcoLIU27,2025-01-31,18:58:49,-08:00,2025-01-31T18:58:49-08:00,0,18
style.css,204,css,0d05d48d,MarcoLIU27,2025-01-31,18:58:49,-08:00,2025-01-31T18:58:49-08:00,0,13
style.css,205,css,0d05d48d,MarcoLIU27,2025-01-31,18:58:49,-08:00,2025-01-31T18:58:49-08:00,0,37
style.css,206,css,0d05d48d,MarcoLIU27,2025-01-31,18:58:49,-08:00,2025-01-31T18:58:49-08:00,0,16
style.css,207,css,0d05d48d,MarcoLIU27,2025-01-31,18:58:49,-08:00,2025-01-31T18:58:49-08:00,0,0
style.css,208,css,0d05d48d,MarcoLIU27,2025-01-31,18:58:49,-08:00,2025-01-31T18:58:49-08:00,0,0
style.css,209,css,0d05d48d,MarcoLIU27,2025-01-31,18:58:49,-08:00,2025-01-31T18:58:49-08:00,0,18
style.css,210,css,0d05d48d,MarcoLIU27,2025-01-31,18:58:49,-08:00,2025-01-31T18:58:49-08:00,0,11
style.css,211,css,2c458364,MarcoLIU27,2025-02-14,03:36:20,-08:00,2025-02-14T03:36:20-08:00,0,17
style.css,212,css,0d05d48d,MarcoLIU27,2025-01-31,18:58:49,-08:00,2025-01-31T18:58:49-08:00,0,11
style.css,213,css,0d05d48d,MarcoLIU27,2025-01-31,18:58:49,-08:00,2025-01-31T18:58:49-08:00,0,0
style.css,214,css,0d05d48d,MarcoLIU27,2025-01-31,18:58:49,-08:00,2025-01-31T18:58:49-08:00,0,0
style.css,215,css,0d05d48d,MarcoLIU27,2025-01-31,18:58:49,-08:00,2025-01-31T18:58:49-08:00,0,18
style.css,216,css,0d05d48d,MarcoLIU27,2025-01-31,18:58:49,-08:00,2025-01-31T18:58:49-08:00,0,11
style.css,217,css,2c458364,MarcoLIU27,2025-02-14,03:36:20,-08:00,2025-02-14T03:36:20-08:00,0,15
style.css,218,css,0d05d48d,MarcoLIU27,2025-01-31,18:58:49,-08:00,2025-01-31T18:58:49-08:00,0,9
style.css,219,css,0d05d48d,MarcoLIU27,2025-01-31,18:58:49,-08:00,2025-01-31T18:58:49-08:00,0,0
style.css,220,css,0d05d48d,MarcoLIU27,2025-01-31,18:58:49,-08:00,2025-01-31T18:58:49-08:00,0,0
style.css,221,css,0d05d48d,MarcoLIU27,2025-01-31,18:58:49,-08:00,2025-01-31T18:58:49-08:00,0,10
style.css,222,css,0d05d48d,MarcoLIU27,2025-01-31,18:58:49,-08:00,2025-01-31T18:58:49-08:00,0,13
style.css,223,css,0d05d48d,MarcoLIU27,2025-01-31,18:58:49,-08:00,2025-01-31T18:58:49-08:00,0,59
style.css,224,css,0d05d48d,MarcoLIU27,2025-01-31,18:58:49,-08:00,2025-01-31T18:58:49-08:00,0,9
style.css,225,css,0d05d48d,MarcoLIU27,2025-01-31,18:58:49,-08:00,2025-01-31T18:58:49-08:00,0,14
style.css,226,css,607e8756,MarcoLIU27,2025-02-07,18:26:13,-08:00,2025-02-07T18:26:13-08:00,0,0
style.css,227,css,607e8756,MarcoLIU27,2025-02-07,18:26:13,-08:00,2025-02-07T18:26:13-08:00,0,0
style.css,228,css,607e8756,MarcoLIU27,2025-02-07,18:26:13,-08:00,2025-02-07T18:26:13-08:00,0,23
style.css,229,css,607e8756,MarcoLIU27,2025-02-07,18:26:13,-08:00,2025-02-07T18:26:13-08:00,0,18
style.css,230,css,607e8756,MarcoLIU27,2025-02-07,18:26:13,-08:00,2025-02-07T18:26:13-08:00,0,13
style.css,231,css,607e8756,MarcoLIU27,2025-02-07,18:26:13,-08:00,2025-02-07T18:26:13-08:00,0,22
style.css,232,css,607e8756,MarcoLIU27,2025-02-07,18:26:13,-08:00,2025-02-07T18:26:13-08:00,0,8
style.css,233,css,607e8756,MarcoLIU27,2025-02-07,18:26:13,-08:00,2025-02-07T18:26:13-08:00,0,0
style.css,234,css,607e8756,MarcoLIU27,2025-02-07,18:26:13,-08:00,2025-02-07T18:26:13-08:00,0,0
style.css,235,css,607e8756,MarcoLIU27,2025-02-07,18:26:13,-08:00,2025-02-07T18:26:13-08:00,0,14
style.css,236,css,607e8756,MarcoLIU27,2025-02-07,18:26:13,-08:00,2025-02-07T18:26:13-08:00,0,11
style.css,237,css,607e8756,MarcoLIU27,2025-02-07,18:26:13,-08:00,2025-02-07T18:26:13-08:00,0,16
style.css,238,css,607e8756,MarcoLIU27,2025-02-07,18:26:13,-08:00,2025-02-07T18:26:13-08:00,0,16
style.css,239,css,607e8756,MarcoLIU27,2025-02-07,18:26:13,-08:00,2025-02-07T18:26:13-08:00,0,25
style.css,240,css,607e8756,MarcoLIU27,2025-02-07,18:26:13,-08:00,2025-02-07T18:26:13-08:00,0,18
style.css,241,css,607e8756,MarcoLIU27,2025-02-07,18:26:13,-08:00,2025-02-07T18:26:13-08:00,0,18
style.css,242,css,607e8756,MarcoLIU27,2025-02-07,18:26:13,-08:00,2025-02-07T18:26:13-08:00,0,0
style.css,243,css,607e8756,MarcoLIU27,2025-02-07,18:26:13,-08:00,2025-02-07T18:26:13-08:00,0,0
style.css,244,css,607e8756,MarcoLIU27,2025-02-07,18:26:13,-08:00,2025-02-07T18:26:13-08:00,0,22
style.css,245,css,607e8756,MarcoLIU27,2025-02-07,18:26:13,-08:00,2025-02-07T18:26:13-08:00,0,0
style.css,246,css,607e8756,MarcoLIU27,2025-02-07,18:26:13,-08:00,2025-02-07T18:26:13-08:00,0,20
style.css,247,css,607e8756,MarcoLIU27,2025-02-07,18:26:13,-08:00,2025-02-07T18:26:13-08:00,0,13
style.css,248,css,607e8756,MarcoLIU27,2025-02-07,18:26:13,-08:00,2025-02-07T18:26:13-08:00,0,19
style.css,249,css,607e8756,MarcoLIU27,2025-02-07,18:26:13,-08:00,2025-02-07T18:26:13-08:00,0,0
style.css,250,css,607e8756,MarcoLIU27,2025-02-07,18:26:13,-08:00,2025-02-07T18:26:13-08:00,0,0
style.css,251,css,607e8756,MarcoLIU27,2025-02-07,18:26:13,-08:00,2025-02-07T18:26:13-08:00,0,19
style.css,252,css,607e8756,MarcoLIU27,2025-02-07,18:26:13,-08:00,2025-02-07T18:26:13-08:00,0,15
style.css,253,css,607e8756,MarcoLIU27,2025-02-07,18:26:13,-08:00,2025-02-07T18:26:13-08:00,0,17
style.css,254,css,607e8756,MarcoLIU27,2025-02-07,18:26:13,-08:00,2025-02-07T18:26:13-08:00,0,17
style.css,255,css,607e8756,MarcoLIU27,2025-02-07,18:26:13,-08:00,2025-02-07T18:26:13-08:00,0,0
style.css,256,css,607e8756,MarcoLIU27,2025-02-07,18:26:13,-08:00,2025-02-07T18:26:13-08:00,0,0
style.css,257,css,607e8756,MarcoLIU27,2025-02-07,18:26:13,-08:00,2025-02-07T18:26:13-08:00,0,8
style.css,258,css,607e8756,MarcoLIU27,2025-02-07,18:26:13,-08:00,2025-02-07T18:26:13-08:00,0,13
style.css,259,css,607e8756,MarcoLIU27,2025-02-07,18:26:13,-08:00,2025-02-07T18:26:13-08:00,0,7
style.css,260,css,607e8756,MarcoLIU27,2025-02-07,18:26:13,-08:00,2025-02-07T18:26:13-08:00,0,59
style.css,261,css,607e8756,MarcoLIU27,2025-02-07,18:26:13,-08:00,2025-02-07T18:26:13-08:00,0,22
style.css,262,css,607e8756,MarcoLIU27,2025-02-07,18:26:13,-08:00,2025-02-07T18:26:13-08:00,0,12
style.css,263,css,607e8756,MarcoLIU27,2025-02-07,18:26:13,-08:00,2025-02-07T18:26:13-08:00,0,13
style.css,264,css,607e8756,MarcoLIU27,2025-02-07,18:26:13,-08:00,2025-02-07T18:26:13-08:00,0,19
style.css,265,css,607e8756,MarcoLIU27,2025-02-07,18:26:13,-08:00,2025-02-07T18:26:13-08:00,0,8
style.css,266,css,607e8756,MarcoLIU27,2025-02-07,18:26:13,-08:00,2025-02-07T18:26:13-08:00,0,0
style.css,267,css,607e8756,MarcoLIU27,2025-02-07,18:26:13,-08:00,2025-02-07T18:26:13-08:00,0,0
style.css,268,css,607e8756,MarcoLIU27,2025-02-07,18:26:13,-08:00,2025-02-07T18:26:13-08:00,0,13
style.css,269,css,607e8756,MarcoLIU27,2025-02-07,18:26:13,-08:00,2025-02-07T18:26:13-08:00,0,13
style.css,270,css,607e8756,MarcoLIU27,2025-02-07,18:26:13,-08:00,2025-02-07T18:26:13-08:00,0,19
style.css,271,css,607e8756,MarcoLIU27,2025-02-07,18:26:13,-08:00,2025-02-07T18:26:13-08:00,0,23
style.css,272,css,607e8756,MarcoLIU27,2025-02-07,18:26:13,-08:00,2025-02-07T18:26:13-08:00,0,10
style.css,273,css,607e8756,MarcoLIU27,2025-02-07,18:26:13,-08:00,2025-02-07T18:26:13-08:00,0,14
style.css,274,css,607e8756,MarcoLIU27,2025-02-07,18:26:13,-08:00,2025-02-07T18:26:13-08:00,0,0
style.css,275,css,607e8756,MarcoLIU27,2025-02-07,18:26:13,-08:00,2025-02-07T18:26:13-08:00,0,0
style.css,276,css,607e8756,MarcoLIU27,2025-02-07,18:26:13,-08:00,2025-02-07T18:26:13-08:00,0,8
style.css,277,css,607e8756,MarcoLIU27,2025-02-07,18:26:13,-08:00,2025-02-07T18:26:13-08:00,0,21
style.css,278,css,607e8756,MarcoLIU27,2025-02-07,18:26:13,-08:00,2025-02-07T18:26:13-08:00,0,19
style.css,279,css,607e8756,MarcoLIU27,2025-02-07,18:26:13,-08:00,2025-02-07T18:26:13-08:00,0,30
style.css,280,css,607e8756,MarcoLIU27,2025-02-07,18:26:13,-08:00,2025-02-07T18:26:13-08:00,0,18
style.css,281,css,607e8756,MarcoLIU27,2025-02-07,18:26:13,-08:00,2025-02-07T18:26:13-08:00,0,10
style.css,282,css,607e8756,MarcoLIU27,2025-02-07,18:26:13,-08:00,2025-02-07T18:26:13-08:00,0,0
style.css,283,css,607e8756,MarcoLIU27,2025-02-07,18:26:13,-08:00,2025-02-07T18:26:13-08:00,0,0
style.css,284,css,607e8756,MarcoLIU27,2025-02-07,18:26:13,-08:00,2025-02-07T18:26:13-08:00,0,11
style.css,285,css,607e8756,MarcoLIU27,2025-02-07,18:26:13,-08:00,2025-02-07T18:26:13-08:00,0,13
style.css,286,css,607e8756,MarcoLIU27,2025-02-07,18:26:13,-08:00,2025-02-07T18:26:13-08:00,0,16
style.css,287,css,607e8756,MarcoLIU27,2025-02-07,18:26:13,-08:00,2025-02-07T18:26:13-08:00,0,10
style.css,288,css,607e8756,MarcoLIU27,2025-02-07,18:26:13,-08:00,2025-02-07T18:26:13-08:00,0,11
style.css,289,css,607e8756,MarcoLIU27,2025-02-07,18:26:13,-08:00,2025-02-07T18:26:13-08:00,0,16
style.css,290,css,607e8756,MarcoLIU27,2025-02-07,18:26:13,-08:00,2025-02-07T18:26:13-08:00,0,37
style.css,291,css,607e8756,MarcoLIU27,2025-02-07,18:26:13,-08:00,2025-02-07T18:26:13-08:00,0,18
style.css,292,css,607e8756,MarcoLIU27,2025-02-07,18:26:13,-08:00,2025-02-07T18:26:13-08:00,0,27
style.css,293,css,607e8756,MarcoLIU27,2025-02-07,18:26:13,-08:00,2025-02-07T18:26:13-08:00,0,73
style.css,294,css,607e8756,MarcoLIU27,2025-02-07,18:26:13,-08:00,2025-02-07T18:26:13-08:00,0,0
style.css,295,css,607e8756,MarcoLIU27,2025-02-07,18:26:13,-08:00,2025-02-07T18:26:13-08:00,0,0
style.css,296,css,607e8756,MarcoLIU27,2025-02-07,18:26:13,-08:00,2025-02-07T18:26:13-08:00,0,17
style.css,297,css,607e8756,MarcoLIU27,2025-02-07,18:26:13,-08:00,2025-02-07T18:26:13-08:00,0,7
style.css,298,css,607e8756,MarcoLIU27,2025-02-07,18:26:13,-08:00,2025-02-07T18:26:13-08:00,0,14
style.css,299,css,607e8756,MarcoLIU27,2025-02-07,18:26:13,-08:00,2025-02-07T18:26:13-08:00,0,12
style.css,300,css,607e8756,MarcoLIU27,2025-02-07,18:26:13,-08:00,2025-02-07T18:26:13-08:00,0,23
style.css,301,css,607e8756,MarcoLIU27,2025-02-07,18:26:13,-08:00,2025-02-07T18:26:13-08:00,0,14
style.css,302,css,607e8756,MarcoLIU27,2025-02-07,18:26:13,-08:00,2025-02-07T18:26:13-08:00,0,14
style.css,303,css,607e8756,MarcoLIU27,2025-02-07,18:26:13,-08:00,2025-02-07T18:26:13-08:00,0,0
style.css,304,css,607e8756,MarcoLIU27,2025-02-07,18:26:13,-08:00,2025-02-07T18:26:13-08:00,0,0
style.css,305,css,607e8756,MarcoLIU27,2025-02-07,18:26:13,-08:00,2025-02-07T18:26:13-08:00,0,23
style.css,306,css,607e8756,MarcoLIU27,2025-02-07,18:26:13,-08:00,2025-02-07T18:26:13-08:00,0,13
style.css,307,css,607e8756,MarcoLIU27,2025-02-07,18:26:13,-08:00,2025-02-07T18:26:13-08:00,0,0
style.css,308,css,607e8756,MarcoLIU27,2025-02-07,18:26:13,-08:00,2025-02-07T18:26:13-08:00,0,0
style.css,309,css,607e8756,MarcoLIU27,2025-02-07,18:26:13,-08:00,2025-02-07T18:26:13-08:00,0,18
style.css,310,css,607e8756,MarcoLIU27,2025-02-07,18:26:13,-08:00,2025-02-07T18:26:13-08:00,0,17
style.css,311,css,2c458364,MarcoLIU27,2025-02-14,03:36:20,-08:00,2025-02-14T03:36:20-08:00,0,12
style.css,312,css,607e8756,MarcoLIU27,2025-02-07,18:26:13,-08:00,2025-02-07T18:26:13-08:00,0,0
style.css,313,css,607e8756,MarcoLIU27,2025-02-07,18:26:13,-08:00,2025-02-07T18:26:13-08:00,0,0
style.css,314,css,2c458364,MarcoLIU27,2025-02-14,03:36:20,-08:00,2025-02-14T03:36:20-08:00,0,0
style.css,315,css,607e8756,MarcoLIU27,2025-02-07,18:26:13,-08:00,2025-02-07T18:26:13-08:00,0,5
style.css,316,css,607e8756,MarcoLIU27,2025-02-07,18:26:13,-08:00,2025-02-07T18:26:13-08:00,0,17
style.css,317,css,607e8756,MarcoLIU27,2025-02-07,18:26:13,-08:00,2025-02-07T18:26:13-08:00,0,0
style.css,318,css,2c458364,MarcoLIU27,2025-02-14,03:36:20,-08:00,2025-02-14T03:36:20-08:00,0,0
style.css,319,css,607e8756,MarcoLIU27,2025-02-07,18:26:13,-08:00,2025-02-07T18:26:13-08:00,0,10
style.css,320,css,607e8756,MarcoLIU27,2025-02-07,18:26:13,-08:00,2025-02-07T18:26:13-08:00,0,36
style.css,321,css,2c458364,MarcoLIU27,2025-02-14,03:36:20,-08:00,2025-02-14T03:36:20-08:00,0,0
style.css,322,css,607e8756,MarcoLIU27,2025-02-07,18:26:13,-08:00,2025-02-07T18:26:13-08:00,0,11
style.css,323,css,2c458364,MarcoLIU27,2025-02-14,03:36:20,-08:00,2025-02-14T03:36:20-08:00,0,18
style.css,324,css,607e8756,MarcoLIU27,2025-02-07,18:26:13,-08:00,2025-02-07T18:26:13-08:00,0,0
style.css,325,css,607e8756,MarcoLIU27,2025-02-07,18:26:13,-08:00,2025-02-07T18:26:13-08:00,0,0
style.css,326,css,607e8756,MarcoLIU27,2025-02-07,18:26:13,-08:00,2025-02-07T18:26:13-08:00,0,0
style.css,327,css,607e8756,MarcoLIU27,2025-02-07,18:26:13,-08:00,2025-02-07T18:26:13-08:00,0,5
style.css,328,css,607e8756,MarcoLIU27,2025-02-07,18:26:13,-08:00,2025-02-07T18:26:13-08:00,0,15
style.css,329,css,2c458364,MarcoLIU27,2025-02-14,03:36:20,-08:00,2025-02-14T03:36:20-08:00,0,0
style.css,330,css,2c458364,MarcoLIU27,2025-02-14,03:36:20,-08:00,2025-02-14T03:36:20-08:00,0,0
style.css,331,css,2c458364,MarcoLIU27,2025-02-14,03:36:20,-08:00,2025-02-14T03:36:20-08:00,0,16
style.css,332,css,2c458364,MarcoLIU27,2025-02-14,03:36:20,-08:00,2025-02-14T03:36:20-08:00,0,20
style.css,333,css,2c458364,MarcoLIU27,2025-02-14,03:36:20,-08:00,2025-02-14T03:36:20-08:00,0,12
style.css,334,css,2c458364,MarcoLIU27,2025-02-14,03:36:20,-08:00,2025-02-14T03:36:20-08:00,0,0
style.css,335,css,2c458364,MarcoLIU27,2025-02-14,03:36:20,-08:00,2025-02-14T03:36:20-08:00,0,0
style.css,336,css,2c458364,MarcoLIU27,2025-02-14,03:36:20,-08:00,2025-02-14T03:36:20-08:00,0,16
style.css,337,css,2c458364,MarcoLIU27,2025-02-14,03:36:20,-08:00,2025-02-14T03:36:20-08:00,0,13
style.css,338,css,0d05d48d,MarcoLIU27,2025-01-31,18:58:49,-08:00,2025-01-31T18:58:49-08:00,0,0
index.js,1,js,0d05d48d,MarcoLIU27,2025-01-31,18:58:49,-08:00,2025-01-31T18:58:49-08:00,0,72
index.js,2,js,0d05d48d,MarcoLIU27,2025-01-31,18:58:49,-08:00,2025-01-31T18:58:49-08:00,0,0
index.js,3,js,0d05d48d,MarcoLIU27,2025-01-31,18:58:49,-08:00,2025-01-31T18:58:49-08:00,0,55
index.js,4,js,0d05d48d,MarcoLIU27,2025-01-31,18:58:49,-08:00,2025-01-31T18:58:49-08:00,0,43
index.js,5,js,0d05d48d,MarcoLIU27,2025-01-31,18:58:49,-08:00,2025-01-31T18:58:49-08:00,0,61
index.js,6,js,0d05d48d,MarcoLIU27,2025-01-31,18:58:49,-08:00,2025-01-31T18:58:49-08:00,0,55
index.js,7,js,0d05d48d,MarcoLIU27,2025-01-31,18:58:49,-08:00,2025-01-31T18:58:49-08:00,0,0
index.js,8,js,0d05d48d,MarcoLIU27,2025-01-31,18:58:49,-08:00,2025-01-31T18:58:49-08:00,0,54
index.js,9,js,0d05d48d,MarcoLIU27,2025-01-31,18:58:49,-08:00,2025-01-31T18:58:49-08:00,0,61
index.js,10,js,0d05d48d,MarcoLIU27,2025-01-31,18:58:49,-08:00,2025-01-31T18:58:49-08:00,0,18
index.js,11,js,0d05d48d,MarcoLIU27,2025-01-31,18:58:49,-08:00,2025-01-31T18:58:49-08:00,0,25
index.js,12,js,0d05d48d,MarcoLIU27,2025-01-31,18:58:49,-08:00,2025-01-31T18:58:49-08:00,0,3
index.js,13,js,0d05d48d,MarcoLIU27,2025-01-31,18:58:49,-08:00,2025-01-31T18:58:49-08:00,0,55
index.js,14,js,0d05d48d,MarcoLIU27,2025-01-31,18:58:49,-08:00,2025-01-31T18:58:49-08:00,0,55
index.js,15,js,0d05d48d,MarcoLIU27,2025-01-31,18:58:49,-08:00,2025-01-31T18:58:49-08:00,0,49
index.js,16,js,0d05d48d,MarcoLIU27,2025-01-31,18:58:49,-08:00,2025-01-31T18:58:49-08:00,0,49
index.js,17,js,0d05d48d,MarcoLIU27,2025-01-31,18:58:49,-08:00,2025-01-31T18:58:49-08:00,0,4
index.js,18,js,0d05d48d,MarcoLIU27,2025-01-31,18:58:49,-08:00,2025-01-31T18:58:49-08:00,0,1
index.js,19,js,0d05d48d,MarcoLIU27,2025-01-31,18:58:49,-08:00,2025-01-31T18:58:49-08:00,0,0
index.html,1,html,c8507441,MarcoLIU27,2025-01-17,06:34:21,-08:00,2025-01-17T06:34:21-08:00,0,14
index.html,2,html,4d1ca9c2,MarcoLIU27,2025-01-24,03:13:00,-08:00,2025-01-24T03:13:00-08:00,0,28
index.html,3,html,c8507441,MarcoLIU27,2025-01-17,06:34:21,-08:00,2025-01-17T06:34:21-08:00,0,5
index.html,4,html,c8507441,MarcoLIU27,2025-01-17,06:34:21,-08:00,2025-01-17T06:34:21-08:00,0,21
index.html,5,html,c8507441,MarcoLIU27,2025-01-17,06:34:21,-08:00,2025-01-17T06:34:21-08:00,0,52
index.html,6,html,c8507441,MarcoLIU27,2025-01-17,06:34:21,-08:00,2025-01-17T06:34:21-08:00,0,69
index.html,7,html,97b50749,MarcoLIU27,2025-01-17,19:53:49,-08:00,2025-01-17T19:53:49-08:00,0,39
index.html,8,html,c8507441,MarcoLIU27,2025-01-17,06:34:21,-08:00,2025-01-17T06:34:21-08:00,0,52
index.html,9,html,c8507441,MarcoLIU27,2025-01-17,06:34:21,-08:00,2025-01-17T06:34:21-08:00,0,6
index.html,10,html,c8507441,MarcoLIU27,2025-01-17,06:34:21,-08:00,2025-01-17T06:34:21-08:00,0,5
index.html,11,html,0d05d48d,MarcoLIU27,2025-01-31,18:58:49,-08:00,2025-01-31T18:58:49-08:00,0,5
index.html,12,html,0d05d48d,MarcoLIU27,2025-01-31,18:58:49,-08:00,2025-01-31T18:58:49-08:00,0,7
index.html,13,html,0d05d48d,MarcoLIU27,2025-01-31,18:58:49,-08:00,2025-01-31T18:58:49-08:00,0,36
index.html,14,html,0d05d48d,MarcoLIU27,2025-01-31,18:58:49,-08:00,2025-01-31T18:58:49-08:00,0,18
index.html,15,html,0d05d48d,MarcoLIU27,2025-01-31,18:58:49,-08:00,2025-01-31T18:58:49-08:00,0,85
index.html,16,html,0d05d48d,MarcoLIU27,2025-01-31,18:58:49,-08:00,2025-01-31T18:58:49-08:00,0,448
index.html,17,html,0d05d48d,MarcoLIU27,2025-01-31,18:58:49,-08:00,2025-01-31T18:58:49-08:00,0,5
index.html,18,html,0d05d48d,MarcoLIU27,2025-01-31,18:58:49,-08:00,2025-01-31T18:58:49-08:00,0,8
index.html,19,html,0d05d48d,MarcoLIU27,2025-01-31,18:58:49,-08:00,2025-01-31T18:58:49-08:00,0,0
index.html,20,html,0d05d48d,MarcoLIU27,2025-01-31,18:58:49,-08:00,2025-01-31T18:58:49-08:00,0,31
index.html,21,html,0d05d48d,MarcoLIU27,2025-01-31,18:58:49,-08:00,2025-01-31T18:58:49-08:00,0,45
index.html,22,html,0d05d48d,MarcoLIU27,2025-01-31,18:58:49,-08:00,2025-01-31T18:58:49-08:00,0,53
index.html,23,html,0d05d48d,MarcoLIU27,2025-01-31,18:58:49,-08:00,2025-01-31T18:58:49-08:00,0,9
index.html,24,html,0d05d48d,MarcoLIU27,2025-01-31,18:58:49,-08:00,2025-01-31T18:58:49-08:00,0,0
index.html,25,html,0d05d48d,MarcoLIU27,2025-01-31,18:58:49,-08:00,2025-01-31T18:58:49-08:00,0,33
index.html,26,html,0d05d48d,MarcoLIU27,2025-01-31,18:58:49,-08:00,2025-01-31T18:58:49-08:00,0,45
index.html,27,html,0d05d48d,MarcoLIU27,2025-01-31,18:58:49,-08:00,2025-01-31T18:58:49-08:00,0,21
index.html,28,html,0d05d48d,MarcoLIU27,2025-01-31,18:58:49,-08:00,2025-01-31T18:58:49-08:00,0,50
index.html,29,html,0d05d48d,MarcoLIU27,2025-01-31,18:58:49,-08:00,2025-01-31T18:58:49-08:00,0,5
index.html,30,html,0d05d48d,MarcoLIU27,2025-01-31,18:58:49,-08:00,2025-01-31T18:58:49-08:00,0,9
index.html,31,html,0d05d48d,MarcoLIU27,2025-01-31,18:58:49,-08:00,2025-01-31T18:58:49-08:00,0,6
index.html,32,html,0d05d48d,MarcoLIU27,2025-01-31,18:58:49,-08:00,2025-01-31T18:58:49-08:00,0,0
index.html,33,html,4d1ca9c2,MarcoLIU27,2025-01-24,03:13:00,-08:00,2025-01-24T03:13:00-08:00,0,48
index.html,34,html,0d05d48d,MarcoLIU27,2025-01-31,18:58:49,-08:00,2025-01-31T18:58:49-08:00,0,47
index.html,35,html,c8507441,MarcoLIU27,2025-01-17,06:34:21,-08:00,2025-01-17T06:34:21-08:00,0,6
index.html,36,html,4d1ca9c2,MarcoLIU27,2025-01-24,03:13:00,-08:00,2025-01-24T03:13:00-08:00,0,6
global.js,1,js,0d05d48d,MarcoLIU27,2025-01-31,18:58:49,-08:00,2025-01-31T18:58:49-08:00,0,26
global.js,2,js,4d1ca9c2,MarcoLIU27,2025-01-24,03:13:00,-08:00,2025-01-24T03:13:00-08:00,0,0
global.js,3,js,4d1ca9c2,MarcoLIU27,2025-01-24,03:13:00,-08:00,2025-01-24T03:13:00-08:00,0,42
global.js,4,js,4d1ca9c2,MarcoLIU27,2025-01-24,03:13:00,-08:00,2025-01-24T03:13:00-08:00,0,53
global.js,5,js,4d1ca9c2,MarcoLIU27,2025-01-24,03:13:00,-08:00,2025-01-24T03:13:00-08:00,0,0
global.js,6,js,4d1ca9c2,MarcoLIU27,2025-01-24,03:13:00,-08:00,2025-01-24T03:13:00-08:00,0,0
global.js,7,js,4d1ca9c2,MarcoLIU27,2025-01-24,03:13:00,-08:00,2025-01-24T03:13:00-08:00,0,12
global.js,8,js,4d1ca9c2,MarcoLIU27,2025-01-24,03:13:00,-08:00,2025-01-24T03:13:00-08:00,0,36
global.js,9,js,4d1ca9c2,MarcoLIU27,2025-01-24,03:13:00,-08:00,2025-01-24T03:13:00-08:00,0,51
global.js,10,js,4d1ca9c2,MarcoLIU27,2025-01-24,03:13:00,-08:00,2025-01-24T03:13:00-08:00,0,47
global.js,11,js,4d1ca9c2,MarcoLIU27,2025-01-24,03:13:00,-08:00,2025-01-24T03:13:00-08:00,0,49
global.js,12,js,81535237,MarcoLIU27,2025-02-13,18:07:27,-08:00,2025-02-13T18:07:27-08:00,0,43
global.js,13,js,4d1ca9c2,MarcoLIU27,2025-01-24,03:13:00,-08:00,2025-01-24T03:13:00-08:00,0,56
global.js,14,js,4d1ca9c2,MarcoLIU27,2025-01-24,03:13:00,-08:00,2025-01-24T03:13:00-08:00,0,1
global.js,15,js,4d1ca9c2,MarcoLIU27,2025-01-24,03:13:00,-08:00,2025-01-24T03:13:00-08:00,0,0
global.js,16,js,4d1ca9c2,MarcoLIU27,2025-01-24,03:13:00,-08:00,2025-01-24T03:13:00-08:00,0,35
global.js,17,js,4d1ca9c2,MarcoLIU27,2025-01-24,03:13:00,-08:00,2025-01-24T03:13:00-08:00,0,71
global.js,18,js,4d1ca9c2,MarcoLIU27,2025-01-24,03:13:00,-08:00,2025-01-24T03:13:00-08:00,0,0
global.js,19,js,4d1ca9c2,MarcoLIU27,2025-01-24,03:13:00,-08:00,2025-01-24T03:13:00-08:00,0,39
global.js,20,js,4d1ca9c2,MarcoLIU27,2025-01-24,03:13:00,-08:00,2025-01-24T03:13:00-08:00,0,26
global.js,21,js,4d1ca9c2,MarcoLIU27,2025-01-24,03:13:00,-08:00,2025-01-24T03:13:00-08:00,0,0
global.js,22,js,4d1ca9c2,MarcoLIU27,2025-01-24,03:13:00,-08:00,2025-01-24T03:13:00-08:00,0,21
global.js,23,js,4d1ca9c2,MarcoLIU27,2025-01-24,03:13:00,-08:00,2025-01-24T03:13:00-08:00,0,15
global.js,24,js,4d1ca9c2,MarcoLIU27,2025-01-24,03:13:00,-08:00,2025-01-24T03:13:00-08:00,0,19
global.js,25,js,4d1ca9c2,MarcoLIU27,2025-01-24,03:13:00,-08:00,2025-01-24T03:13:00-08:00,0,0
global.js,26,js,4d1ca9c2,MarcoLIU27,2025-01-24,03:13:00,-08:00,2025-01-24T03:13:00-08:00,0,65
global.js,27,js,4d1ca9c2,MarcoLIU27,2025-01-24,03:13:00,-08:00,2025-01-24T03:13:00-08:00,0,0
global.js,28,js,4d1ca9c2,MarcoLIU27,2025-01-24,03:13:00,-08:00,2025-01-24T03:13:00-08:00,0,35
global.js,29,js,4d1ca9c2,MarcoLIU27,2025-01-24,03:13:00,-08:00,2025-01-24T03:13:00-08:00,0,12
global.js,30,js,4d1ca9c2,MarcoLIU27,2025-01-24,03:13:00,-08:00,2025-01-24T03:13:00-08:00,0,21
global.js,31,js,4d1ca9c2,MarcoLIU27,2025-01-24,03:13:00,-08:00,2025-01-24T03:13:00-08:00,0,0
global.js,32,js,4d1ca9c2,MarcoLIU27,2025-01-24,03:13:00,-08:00,2025-01-24T03:13:00-08:00,0,91
global.js,33,js,4d1ca9c2,MarcoLIU27,2025-01-24,03:13:00,-08:00,2025-01-24T03:13:00-08:00,0,0
global.js,34,js,4d1ca9c2,MarcoLIU27,2025-01-24,03:13:00,-08:00,2025-01-24T03:13:00-08:00,0,30
global.js,35,js,4d1ca9c2,MarcoLIU27,2025-01-24,03:13:00,-08:00,2025-01-24T03:13:00-08:00,0,19
global.js,36,js,4d1ca9c2,MarcoLIU27,2025-01-24,03:13:00,-08:00,2025-01-24T03:13:00-08:00,0,0
global.js,37,js,4d1ca9c2,MarcoLIU27,2025-01-24,03:13:00,-08:00,2025-01-24T03:13:00-08:00,0,0
global.js,38,js,4d1ca9c2,MarcoLIU27,2025-01-24,03:13:00,-08:00,2025-01-24T03:13:00-08:00,0,13
global.js,39,js,4d1ca9c2,MarcoLIU27,2025-01-24,03:13:00,-08:00,2025-01-24T03:13:00-08:00,0,0
global.js,40,js,4d1ca9c2,MarcoLIU27,2025-01-24,03:13:00,-08:00,2025-01-24T03:13:00-08:00,0,0
global.js,41,js,4d1ca9c2,MarcoLIU27,2025-01-24,03:13:00,-08:00,2025-01-24T03:13:00-08:00,0,27
global.js,42,js,4d1ca9c2,MarcoLIU27,2025-01-24,03:13:00,-08:00,2025-01-24T03:13:00-08:00,0,72
global.js,43,js,4d1ca9c2,MarcoLIU27,2025-01-24,03:13:00,-08:00,2025-01-24T03:13:00-08:00,0,0
global.js,44,js,4d1ca9c2,MarcoLIU27,2025-01-24,03:13:00,-08:00,2025-01-24T03:13:00-08:00,0,32
global.js,45,js,4d1ca9c2,MarcoLIU27,2025-01-24,03:13:00,-08:00,2025-01-24T03:13:00-08:00,0,12
global.js,46,js,4d1ca9c2,MarcoLIU27,2025-01-24,03:13:00,-08:00,2025-01-24T03:13:00-08:00,0,0
global.js,47,js,4d1ca9c2,MarcoLIU27,2025-01-24,03:13:00,-08:00,2025-01-24T03:13:00-08:00,0,27
global.js,48,js,4d1ca9c2,MarcoLIU27,2025-01-24,03:13:00,-08:00,2025-01-24T03:13:00-08:00,0,5
global.js,49,js,4d1ca9c2,MarcoLIU27,2025-01-24,03:13:00,-08:00,2025-01-24T03:13:00-08:00,0,27
global.js,50,js,4d1ca9c2,MarcoLIU27,2025-01-24,03:13:00,-08:00,2025-01-24T03:13:00-08:00,0,75
global.js,51,js,4d1ca9c2,MarcoLIU27,2025-01-24,03:13:00,-08:00,2025-01-24T03:13:00-08:00,0,35
global.js,52,js,4d1ca9c2,MarcoLIU27,2025-01-24,03:13:00,-08:00,2025-01-24T03:13:00-08:00,0,33
global.js,53,js,4d1ca9c2,MarcoLIU27,2025-01-24,03:13:00,-08:00,2025-01-24T03:13:00-08:00,0,8
global.js,54,js,4d1ca9c2,MarcoLIU27,2025-01-24,03:13:00,-08:00,2025-01-24T03:13:00-08:00,0,7
global.js,55,js,4d1ca9c2,MarcoLIU27,2025-01-24,03:13:00,-08:00,2025-01-24T03:13:00-08:00,0,0
global.js,56,js,4d1ca9c2,MarcoLIU27,2025-01-24,03:13:00,-08:00,2025-01-24T03:13:00-08:00,0,1
global.js,57,js,4d1ca9c2,MarcoLIU27,2025-01-24,03:13:00,-08:00,2025-01-24T03:13:00-08:00,0,0
global.js,58,js,4d1ca9c2,MarcoLIU27,2025-01-24,03:13:00,-08:00,2025-01-24T03:13:00-08:00,0,56
global.js,59,js,4d1ca9c2,MarcoLIU27,2025-01-24,03:13:00,-08:00,2025-01-24T03:13:00-08:00,0,0
global.js,60,js,4d1ca9c2,MarcoLIU27,2025-01-24,03:13:00,-08:00,2025-01-24T03:13:00-08:00,0,32
global.js,61,js,607e8756,MarcoLIU27,2025-02-07,18:26:13,-08:00,2025-02-07T18:26:13-08:00,0,66
global.js,62,js,607e8756,MarcoLIU27,2025-02-07,18:26:13,-08:00,2025-02-07T18:26:13-08:00,0,21
global.js,63,js,4d1ca9c2,MarcoLIU27,2025-01-24,03:13:00,-08:00,2025-01-24T03:13:00-08:00,0,0
global.js,64,js,4d1ca9c2,MarcoLIU27,2025-01-24,03:13:00,-08:00,2025-01-24T03:13:00-08:00,0,0
global.js,65,js,4d1ca9c2,MarcoLIU27,2025-01-24,03:13:00,-08:00,2025-01-24T03:13:00-08:00,0,71
global.js,66,js,4d1ca9c2,MarcoLIU27,2025-01-24,03:13:00,-08:00,2025-01-24T03:13:00-08:00,0,27
global.js,67,js,4d1ca9c2,MarcoLIU27,2025-01-24,03:13:00,-08:00,2025-01-24T03:13:00-08:00,0,0
global.js,68,js,4d1ca9c2,MarcoLIU27,2025-01-24,03:13:00,-08:00,2025-01-24T03:13:00-08:00,0,52
global.js,69,js,4d1ca9c2,MarcoLIU27,2025-01-24,03:13:00,-08:00,2025-01-24T03:13:00-08:00,0,50
global.js,70,js,607e8756,MarcoLIU27,2025-02-07,18:26:13,-08:00,2025-02-07T18:26:13-08:00,0,36
global.js,71,js,607e8756,MarcoLIU27,2025-02-07,18:26:13,-08:00,2025-02-07T18:26:13-08:00,0,25
global.js,72,js,607e8756,MarcoLIU27,2025-02-07,18:26:13,-08:00,2025-02-07T18:26:13-08:00,0,46
global.js,73,js,4d1ca9c2,MarcoLIU27,2025-01-24,03:13:00,-08:00,2025-01-24T03:13:00-08:00,0,2
global.js,74,js,7932103c,MarcoLIU27,2025-01-24,03:39:46,-08:00,2025-01-24T03:39:46-08:00,0,0
global.js,75,js,7932103c,MarcoLIU27,2025-01-24,03:39:46,-08:00,2025-01-24T03:39:46-08:00,0,22
global.js,76,js,7932103c,MarcoLIU27,2025-01-24,03:39:46,-08:00,2025-01-24T03:39:46-08:00,0,52
global.js,77,js,7932103c,MarcoLIU27,2025-01-24,03:39:46,-08:00,2025-01-24T03:39:46-08:00,0,0
global.js,78,js,7932103c,MarcoLIU27,2025-01-24,03:39:46,-08:00,2025-01-24T03:39:46-08:00,0,50
global.js,79,js,607e8756,MarcoLIU27,2025-02-07,18:26:13,-08:00,2025-02-07T18:26:13-08:00,0,57
global.js,80,js,7932103c,MarcoLIU27,2025-01-24,03:39:46,-08:00,2025-01-24T03:39:46-08:00,0,0
global.js,81,js,607e8756,MarcoLIU27,2025-02-07,18:26:13,-08:00,2025-02-07T18:26:13-08:00,0,31
global.js,82,js,7932103c,MarcoLIU27,2025-01-24,03:39:46,-08:00,2025-01-24T03:39:46-08:00,0,0
global.js,83,js,607e8756,MarcoLIU27,2025-02-07,18:26:13,-08:00,2025-02-07T18:26:13-08:00,0,33
global.js,84,js,607e8756,MarcoLIU27,2025-02-07,18:26:13,-08:00,2025-02-07T18:26:13-08:00,0,15
global.js,85,js,607e8756,MarcoLIU27,2025-02-07,18:26:13,-08:00,2025-02-07T18:26:13-08:00,0,32
global.js,86,js,607e8756,MarcoLIU27,2025-02-07,18:26:13,-08:00,2025-02-07T18:26:13-08:00,0,71
global.js,87,js,607e8756,MarcoLIU27,2025-02-07,18:26:13,-08:00,2025-02-07T18:26:13-08:00,0,0
global.js,88,js,607e8756,MarcoLIU27,2025-02-07,18:26:13,-08:00,2025-02-07T18:26:13-08:00,0,29
global.js,89,js,7932103c,MarcoLIU27,2025-01-24,03:39:46,-08:00,2025-01-24T03:39:46-08:00,0,0
global.js,90,js,607e8756,MarcoLIU27,2025-02-07,18:26:13,-08:00,2025-02-07T18:26:13-08:00,0,22
global.js,91,js,607e8756,MarcoLIU27,2025-02-07,18:26:13,-08:00,2025-02-07T18:26:13-08:00,0,25
global.js,92,js,7932103c,MarcoLIU27,2025-01-24,03:39:46,-08:00,2025-01-24T03:39:46-08:00,0,2
global.js,93,js,7932103c,MarcoLIU27,2025-01-24,03:39:46,-08:00,2025-01-24T03:39:46-08:00,0,0
global.js,94,js,0d05d48d,MarcoLIU27,2025-01-31,18:58:49,-08:00,2025-01-31T18:58:49-08:00,0,0
global.js,95,js,0d05d48d,MarcoLIU27,2025-01-31,18:58:49,-08:00,2025-01-31T18:58:49-08:00,0,37
global.js,96,js,0d05d48d,MarcoLIU27,2025-01-31,18:58:49,-08:00,2025-01-31T18:58:49-08:00,0,4
global.js,97,js,607e8756,MarcoLIU27,2025-02-07,18:26:13,-08:00,2025-02-07T18:26:13-08:00,0,40
global.js,98,js,0d05d48d,MarcoLIU27,2025-01-31,18:58:49,-08:00,2025-01-31T18:58:49-08:00,0,33
global.js,99,js,0d05d48d,MarcoLIU27,2025-01-31,18:58:49,-08:00,2025-01-31T18:58:49-08:00,0,18
global.js,100,js,0d05d48d,MarcoLIU27,2025-01-31,18:58:49,-08:00,2025-01-31T18:58:49-08:00,0,67
global.js,101,js,0d05d48d,MarcoLIU27,2025-01-31,18:58:49,-08:00,2025-01-31T18:58:49-08:00,0,0
global.js,102,js,0d05d48d,MarcoLIU27,2025-01-31,18:58:49,-08:00,2025-01-31T18:58:49-08:00,0,0
global.js,103,js,0d05d48d,MarcoLIU27,2025-01-31,18:58:49,-08:00,2025-01-31T18:58:49-08:00,0,34
global.js,104,js,0d05d48d,MarcoLIU27,2025-01-31,18:58:49,-08:00,2025-01-31T18:58:49-08:00,0,11
global.js,105,js,0d05d48d,MarcoLIU27,2025-01-31,18:58:49,-08:00,2025-01-31T18:58:49-08:00,0,0
global.js,106,js,0d05d48d,MarcoLIU27,2025-01-31,18:58:49,-08:00,2025-01-31T18:58:49-08:00,0,0
global.js,107,js,0d05d48d,MarcoLIU27,2025-01-31,18:58:49,-08:00,2025-01-31T18:58:49-08:00,0,16
global.js,108,js,607e8756,MarcoLIU27,2025-02-07,18:26:13,-08:00,2025-02-07T18:26:13-08:00,0,60
global.js,109,js,0d05d48d,MarcoLIU27,2025-01-31,18:58:49,-08:00,2025-01-31T18:58:49-08:00,0,0
global.js,110,js,0d05d48d,MarcoLIU27,2025-01-31,18:58:49,-08:00,2025-01-31T18:58:49-08:00,0,0
global.js,111,js,0d05d48d,MarcoLIU27,2025-01-31,18:58:49,-08:00,2025-01-31T18:58:49-08:00,0,0
global.js,112,js,0d05d48d,MarcoLIU27,2025-01-31,18:58:49,-08:00,2025-01-31T18:58:49-08:00,0,79
global.js,113,js,0d05d48d,MarcoLIU27,2025-01-31,18:58:49,-08:00,2025-01-31T18:58:49-08:00,0,31
global.js,114,js,0d05d48d,MarcoLIU27,2025-01-31,18:58:49,-08:00,2025-01-31T18:58:49-08:00,0,23
global.js,115,js,0d05d48d,MarcoLIU27,2025-01-31,18:58:49,-08:00,2025-01-31T18:58:49-08:00,0,49
global.js,116,js,0d05d48d,MarcoLIU27,2025-01-31,18:58:49,-08:00,2025-01-31T18:58:49-08:00,0,20
global.js,117,js,0d05d48d,MarcoLIU27,2025-01-31,18:58:49,-08:00,2025-01-31T18:58:49-08:00,0,44
global.js,118,js,607e8756,MarcoLIU27,2025-02-07,18:26:13,-08:00,2025-02-07T18:26:13-08:00,0,38
global.js,119,js,607e8756,MarcoLIU27,2025-02-07,18:26:13,-08:00,2025-02-07T18:26:13-08:00,0,34
global.js,120,js,0d05d48d,MarcoLIU27,2025-01-31,18:58:49,-08:00,2025-01-31T18:58:49-08:00,0,22
global.js,121,js,607e8756,MarcoLIU27,2025-02-07,18:26:13,-08:00,2025-02-07T18:26:13-08:00,0,42
global.js,122,js,0d05d48d,MarcoLIU27,2025-01-31,18:58:49,-08:00,2025-01-31T18:58:49-08:00,0,5
global.js,123,js,0d05d48d,MarcoLIU27,2025-01-31,18:58:49,-08:00,2025-01-31T18:58:49-08:00,0,1
global.js,124,js,0d05d48d,MarcoLIU27,2025-01-31,18:58:49,-08:00,2025-01-31T18:58:49-08:00,0,32
global.js,125,js,0d05d48d,MarcoLIU27,2025-01-31,18:58:49,-08:00,2025-01-31T18:58:49-08:00,0,0
global.js,126,js,0d05d48d,MarcoLIU27,2025-01-31,18:58:49,-08:00,2025-01-31T18:58:49-08:00,0,0
global.js,127,js,0d05d48d,MarcoLIU27,2025-01-31,18:58:49,-08:00,2025-01-31T18:58:49-08:00,0,0
global.js,128,js,0d05d48d,MarcoLIU27,2025-01-31,18:58:49,-08:00,2025-01-31T18:58:49-08:00,0,48
global.js,129,js,0d05d48d,MarcoLIU27,2025-01-31,18:58:49,-08:00,2025-01-31T18:58:49-08:00,0,60
global.js,130,js,0d05d48d,MarcoLIU27,2025-01-31,18:58:49,-08:00,2025-01-31T18:58:49-08:00,0,0
resume/index.html,1,html,e1020d11,MarcoLIU27,2025-01-17,07:06:22,-08:00,2025-01-17T07:06:22-08:00,0,14
resume/index.html,2,html,e1020d11,MarcoLIU27,2025-01-17,07:06:22,-08:00,2025-01-17T07:06:22-08:00,0,15
resume/index.html,3,html,e1020d11,MarcoLIU27,2025-01-17,07:06:22,-08:00,2025-01-17T07:06:22-08:00,0,5
resume/index.html,4,html,e1020d11,MarcoLIU27,2025-01-17,07:06:22,-08:00,2025-01-17T07:06:22-08:00,0,21
resume/index.html,5,html,e1020d11,MarcoLIU27,2025-01-17,07:06:22,-08:00,2025-01-17T07:06:22-08:00,0,52
resume/index.html,6,html,e1020d11,MarcoLIU27,2025-01-17,07:06:22,-08:00,2025-01-17T07:06:22-08:00,0,69
resume/index.html,7,html,97b50749,MarcoLIU27,2025-01-17,19:53:49,-08:00,2025-01-17T19:53:49-08:00,0,42
resume/index.html,8,html,e1020d11,MarcoLIU27,2025-01-17,07:06:22,-08:00,2025-01-17T07:06:22-08:00,0,20
resume/index.html,9,html,e1020d11,MarcoLIU27,2025-01-17,07:06:22,-08:00,2025-01-17T07:06:22-08:00,0,6
resume/index.html,10,html,b1dd25dc,MarcoLIU27,2025-01-17,19:46:37,-08:00,2025-01-17T19:46:37-08:00,0,20
resume/index.html,11,html,e1020d11,MarcoLIU27,2025-01-17,07:06:22,-08:00,2025-01-17T07:06:22-08:00,0,14
resume/index.html,12,html,e1020d11,MarcoLIU27,2025-01-17,07:06:22,-08:00,2025-01-17T07:06:22-08:00,0,8
resume/index.html,13,html,e1020d11,MarcoLIU27,2025-01-17,07:06:22,-08:00,2025-01-17T07:06:22-08:00,0,7
resume/index.html,14,html,e1020d11,MarcoLIU27,2025-01-17,07:06:22,-08:00,2025-01-17T07:06:22-08:00,0,17
resume/index.html,15,html,e1020d11,MarcoLIU27,2025-01-17,07:06:22,-08:00,2025-01-17T07:06:22-08:00,0,8
resume/index.html,16,html,e1020d11,MarcoLIU27,2025-01-17,07:06:22,-08:00,2025-01-17T07:06:22-08:00,0,8
resume/index.html,17,html,e1020d11,MarcoLIU27,2025-01-17,07:06:22,-08:00,2025-01-17T07:06:22-08:00,0,7
resume/index.html,18,html,e1020d11,MarcoLIU27,2025-01-17,07:06:22,-08:00,2025-01-17T07:06:22-08:00,0,36
resume/index.html,19,html,e1020d11,MarcoLIU27,2025-01-17,07:06:22,-08:00,2025-01-17T07:06:22-08:00,0,41
resume/index.html,20,html,e1020d11,MarcoLIU27,2025-01-17,07:06:22,-08:00,2025-01-17T07:06:22-08:00,0,8
resume/index.html,21,html,e1020d11,MarcoLIU27,2025-01-17,07:06:22,-08:00,2025-01-17T07:06:22-08:00,0,30
resume/index.html,22,html,e1020d11,MarcoLIU27,2025-01-17,07:06:22,-08:00,2025-01-17T07:06:22-08:00,0,9
resume/index.html,23,html,e1020d11,MarcoLIU27,2025-01-17,07:06:22,-08:00,2025-01-17T07:06:22-08:00,0,8
resume/index.html,24,html,e1020d11,MarcoLIU27,2025-01-17,07:06:22,-08:00,2025-01-17T07:06:22-08:00,0,7
resume/index.html,25,html,e1020d11,MarcoLIU27,2025-01-17,07:06:22,-08:00,2025-01-17T07:06:22-08:00,0,38
resume/index.html,26,html,e1020d11,MarcoLIU27,2025-01-17,07:06:22,-08:00,2025-01-17T07:06:22-08:00,0,37
resume/index.html,27,html,e1020d11,MarcoLIU27,2025-01-17,07:06:22,-08:00,2025-01-17T07:06:22-08:00,0,8
resume/index.html,28,html,e1020d11,MarcoLIU27,2025-01-17,07:06:22,-08:00,2025-01-17T07:06:22-08:00,0,32
resume/index.html,29,html,e1020d11,MarcoLIU27,2025-01-17,07:06:22,-08:00,2025-01-17T07:06:22-08:00,0,9
resume/index.html,30,html,e1020d11,MarcoLIU27,2025-01-17,07:06:22,-08:00,2025-01-17T07:06:22-08:00,0,9
resume/index.html,31,html,e1020d11,MarcoLIU27,2025-01-17,07:06:22,-08:00,2025-01-17T07:06:22-08:00,0,0
resume/index.html,32,html,e1020d11,MarcoLIU27,2025-01-17,07:06:22,-08:00,2025-01-17T07:06:22-08:00,0,8
resume/index.html,33,html,e1020d11,MarcoLIU27,2025-01-17,07:06:22,-08:00,2025-01-17T07:06:22-08:00,0,7
resume/index.html,34,html,e1020d11,MarcoLIU27,2025-01-17,07:06:22,-08:00,2025-01-17T07:06:22-08:00,0,31
resume/index.html,35,html,e1020d11,MarcoLIU27,2025-01-17,07:06:22,-08:00,2025-01-17T07:06:22-08:00,0,8
resume/index.html,36,html,e1020d11,MarcoLIU27,2025-01-17,07:06:22,-08:00,2025-01-17T07:06:22-08:00,0,8
resume/index.html,37,html,e1020d11,MarcoLIU27,2025-01-17,07:06:22,-08:00,2025-01-17T07:06:22-08:00,0,7
resume/index.html,38,html,e1020d11,MarcoLIU27,2025-01-17,07:06:22,-08:00,2025-01-17T07:06:22-08:00,0,25
resume/index.html,39,html,e1020d11,MarcoLIU27,2025-01-17,07:06:22,-08:00,2025-01-17T07:06:22-08:00,0,23
resume/index.html,40,html,e1020d11,MarcoLIU27,2025-01-17,07:06:22,-08:00,2025-01-17T07:06:22-08:00,0,8
resume/index.html,41,html,e1020d11,MarcoLIU27,2025-01-17,07:06:22,-08:00,2025-01-17T07:06:22-08:00,0,56
resume/index.html,42,html,e1020d11,MarcoLIU27,2025-01-17,07:06:22,-08:00,2025-01-17T07:06:22-08:00,0,3
resume/index.html,43,html,e1020d11,MarcoLIU27,2025-01-17,07:06:22,-08:00,2025-01-17T07:06:22-08:00,0,68
resume/index.html,44,html,e1020d11,MarcoLIU27,2025-01-17,07:06:22,-08:00,2025-01-17T07:06:22-08:00,0,86
resume/index.html,45,html,e1020d11,MarcoLIU27,2025-01-17,07:06:22,-08:00,2025-01-17T07:06:22-08:00,0,4
resume/index.html,46,html,e1020d11,MarcoLIU27,2025-01-17,07:06:22,-08:00,2025-01-17T07:06:22-08:00,0,9
resume/index.html,47,html,e1020d11,MarcoLIU27,2025-01-17,07:06:22,-08:00,2025-01-17T07:06:22-08:00,0,8
resume/index.html,48,html,e1020d11,MarcoLIU27,2025-01-17,07:06:22,-08:00,2025-01-17T07:06:22-08:00,0,7
resume/index.html,49,html,b1dd25dc,MarcoLIU27,2025-01-17,19:46:37,-08:00,2025-01-17T19:46:37-08:00,0,32
resume/index.html,50,html,e1020d11,MarcoLIU27,2025-01-17,07:06:22,-08:00,2025-01-17T07:06:22-08:00,0,22
resume/index.html,51,html,e1020d11,MarcoLIU27,2025-01-17,07:06:22,-08:00,2025-01-17T07:06:22-08:00,0,8
resume/index.html,52,html,e1020d11,MarcoLIU27,2025-01-17,07:06:22,-08:00,2025-01-17T07:06:22-08:00,0,90
resume/index.html,53,html,e1020d11,MarcoLIU27,2025-01-17,07:06:22,-08:00,2025-01-17T07:06:22-08:00,0,3
resume/index.html,54,html,e1020d11,MarcoLIU27,2025-01-17,07:06:22,-08:00,2025-01-17T07:06:22-08:00,0,56
resume/index.html,55,html,e1020d11,MarcoLIU27,2025-01-17,07:06:22,-08:00,2025-01-17T07:06:22-08:00,0,64
resume/index.html,56,html,e1020d11,MarcoLIU27,2025-01-17,07:06:22,-08:00,2025-01-17T07:06:22-08:00,0,4
resume/index.html,57,html,e1020d11,MarcoLIU27,2025-01-17,07:06:22,-08:00,2025-01-17T07:06:22-08:00,0,9
resume/index.html,58,html,e1020d11,MarcoLIU27,2025-01-17,07:06:22,-08:00,2025-01-17T07:06:22-08:00,0,9
resume/index.html,59,html,e1020d11,MarcoLIU27,2025-01-17,07:06:22,-08:00,2025-01-17T07:06:22-08:00,0,0
resume/index.html,60,html,e1020d11,MarcoLIU27,2025-01-17,07:06:22,-08:00,2025-01-17T07:06:22-08:00,0,0
resume/index.html,61,html,e1020d11,MarcoLIU27,2025-01-17,07:06:22,-08:00,2025-01-17T07:06:22-08:00,0,8
resume/index.html,62,html,e1020d11,MarcoLIU27,2025-01-17,07:06:22,-08:00,2025-01-17T07:06:22-08:00,0,7
resume/index.html,63,html,e1020d11,MarcoLIU27,2025-01-17,07:06:22,-08:00,2025-01-17T07:06:22-08:00,0,14
resume/index.html,64,html,e1020d11,MarcoLIU27,2025-01-17,07:06:22,-08:00,2025-01-17T07:06:22-08:00,0,8
resume/index.html,65,html,e1020d11,MarcoLIU27,2025-01-17,07:06:22,-08:00,2025-01-17T07:06:22-08:00,0,3
resume/index.html,66,html,e1020d11,MarcoLIU27,2025-01-17,07:06:22,-08:00,2025-01-17T07:06:22-08:00,0,55
resume/index.html,67,html,e1020d11,MarcoLIU27,2025-01-17,07:06:22,-08:00,2025-01-17T07:06:22-08:00,0,47
resume/index.html,68,html,e1020d11,MarcoLIU27,2025-01-17,07:06:22,-08:00,2025-01-17T07:06:22-08:00,0,35
resume/index.html,69,html,e1020d11,MarcoLIU27,2025-01-17,07:06:22,-08:00,2025-01-17T07:06:22-08:00,0,4
resume/index.html,70,html,e1020d11,MarcoLIU27,2025-01-17,07:06:22,-08:00,2025-01-17T07:06:22-08:00,0,9
resume/index.html,71,html,e1020d11,MarcoLIU27,2025-01-17,07:06:22,-08:00,2025-01-17T07:06:22-08:00,0,0
resume/index.html,72,html,e1020d11,MarcoLIU27,2025-01-17,07:06:22,-08:00,2025-01-17T07:06:22-08:00,0,8
resume/index.html,73,html,e1020d11,MarcoLIU27,2025-01-17,07:06:22,-08:00,2025-01-17T07:06:22-08:00,0,7
resume/index.html,74,html,e1020d11,MarcoLIU27,2025-01-17,07:06:22,-08:00,2025-01-17T07:06:22-08:00,0,27
resume/index.html,75,html,e1020d11,MarcoLIU27,2025-01-17,07:06:22,-08:00,2025-01-17T07:06:22-08:00,0,8
resume/index.html,76,html,e1020d11,MarcoLIU27,2025-01-17,07:06:22,-08:00,2025-01-17T07:06:22-08:00,0,34
resume/index.html,77,html,e1020d11,MarcoLIU27,2025-01-17,07:06:22,-08:00,2025-01-17T07:06:22-08:00,0,93
resume/index.html,78,html,e1020d11,MarcoLIU27,2025-01-17,07:06:22,-08:00,2025-01-17T07:06:22-08:00,0,9
resume/index.html,79,html,4d1ca9c2,MarcoLIU27,2025-01-24,03:13:00,-08:00,2025-01-24T03:13:00-08:00,0,49
resume/index.html,80,html,e1020d11,MarcoLIU27,2025-01-17,07:06:22,-08:00,2025-01-17T07:06:22-08:00,0,6
resume/index.html,81,html,0c657f41,MarcoLIU27,2025-01-17,19:32:25,-08:00,2025-01-17T19:32:25-08:00,0,6
projects/projects.js,1,js,0d05d48d,MarcoLIU27,2025-01-31,18:58:49,-08:00,2025-01-31T18:58:49-08:00,0,56
projects/projects.js,2,js,607e8756,MarcoLIU27,2025-02-07,18:26:13,-08:00,2025-02-07T18:26:13-08:00,0,64
projects/projects.js,3,js,0d05d48d,MarcoLIU27,2025-01-31,18:58:49,-08:00,2025-01-31T18:58:49-08:00,0,0
projects/projects.js,4,js,0d05d48d,MarcoLIU27,2025-01-31,18:58:49,-08:00,2025-01-31T18:58:49-08:00,0,56
projects/projects.js,5,js,0d05d48d,MarcoLIU27,2025-01-31,18:58:49,-08:00,2025-01-31T18:58:49-08:00,0,61
projects/projects.js,6,js,0d05d48d,MarcoLIU27,2025-01-31,18:58:49,-08:00,2025-01-31T18:58:49-08:00,0,49
projects/projects.js,7,js,0d05d48d,MarcoLIU27,2025-01-31,18:58:49,-08:00,2025-01-31T18:58:49-08:00,0,63
projects/projects.js,8,js,0d05d48d,MarcoLIU27,2025-01-31,18:58:49,-08:00,2025-01-31T18:58:49-08:00,0,71
projects/projects.js,9,js,607e8756,MarcoLIU27,2025-02-07,18:26:13,-08:00,2025-02-07T18:26:13-08:00,0,55
projects/projects.js,10,js,607e8756,MarcoLIU27,2025-02-07,18:26:13,-08:00,2025-02-07T18:26:13-08:00,0,0
projects/projects.js,11,js,607e8756,MarcoLIU27,2025-02-07,18:26:13,-08:00,2025-02-07T18:26:13-08:00,0,58
projects/projects.js,12,js,607e8756,MarcoLIU27,2025-02-07,18:26:13,-08:00,2025-02-07T18:26:13-08:00,0,48
projects/projects.js,13,js,607e8756,MarcoLIU27,2025-02-07,18:26:13,-08:00,2025-02-07T18:26:13-08:00,0,0
projects/projects.js,14,js,607e8756,MarcoLIU27,2025-02-07,18:26:13,-08:00,2025-02-07T18:26:13-08:00,0,29
projects/projects.js,15,js,607e8756,MarcoLIU27,2025-02-07,18:26:13,-08:00,2025-02-07T18:26:13-08:00,0,22
projects/projects.js,16,js,607e8756,MarcoLIU27,2025-02-07,18:26:13,-08:00,2025-02-07T18:26:13-08:00,0,0
projects/projects.js,17,js,607e8756,MarcoLIU27,2025-02-07,18:26:13,-08:00,2025-02-07T18:26:13-08:00,0,41
projects/projects.js,18,js,607e8756,MarcoLIU27,2025-02-07,18:26:13,-08:00,2025-02-07T18:26:13-08:00,0,39
projects/projects.js,19,js,607e8756,MarcoLIU27,2025-02-07,18:26:13,-08:00,2025-02-07T18:26:13-08:00,0,26
projects/projects.js,20,js,607e8756,MarcoLIU27,2025-02-07,18:26:13,-08:00,2025-02-07T18:26:13-08:00,0,30
projects/projects.js,21,js,607e8756,MarcoLIU27,2025-02-07,18:26:13,-08:00,2025-02-07T18:26:13-08:00,0,13
projects/projects.js,22,js,607e8756,MarcoLIU27,2025-02-07,18:26:13,-08:00,2025-02-07T18:26:13-08:00,0,15
projects/projects.js,23,js,607e8756,MarcoLIU27,2025-02-07,18:26:13,-08:00,2025-02-07T18:26:13-08:00,0,13
projects/projects.js,24,js,607e8756,MarcoLIU27,2025-02-07,18:26:13,-08:00,2025-02-07T18:26:13-08:00,0,1
projects/projects.js,25,js,607e8756,MarcoLIU27,2025-02-07,18:26:13,-08:00,2025-02-07T18:26:13-08:00,0,19
projects/projects.js,26,js,607e8756,MarcoLIU27,2025-02-07,18:26:13,-08:00,2025-02-07T18:26:13-08:00,0,51
projects/projects.js,27,js,607e8756,MarcoLIU27,2025-02-07,18:26:13,-08:00,2025-02-07T18:26:13-08:00,0,36
projects/projects.js,28,js,607e8756,MarcoLIU27,2025-02-07,18:26:13,-08:00,2025-02-07T18:26:13-08:00,0,2
projects/projects.js,29,js,607e8756,MarcoLIU27,2025-02-07,18:26:13,-08:00,2025-02-07T18:26:13-08:00,0,51
projects/projects.js,30,js,607e8756,MarcoLIU27,2025-02-07,18:26:13,-08:00,2025-02-07T18:26:13-08:00,0,54
projects/projects.js,31,js,607e8756,MarcoLIU27,2025-02-07,18:26:13,-08:00,2025-02-07T18:26:13-08:00,0,43
projects/projects.js,32,js,607e8756,MarcoLIU27,2025-02-07,18:26:13,-08:00,2025-02-07T18:26:13-08:00,0,52
projects/projects.js,33,js,607e8756,MarcoLIU27,2025-02-07,18:26:13,-08:00,2025-02-07T18:26:13-08:00,0,28
projects/projects.js,34,js,607e8756,MarcoLIU27,2025-02-07,18:26:13,-08:00,2025-02-07T18:26:13-08:00,0,43
projects/projects.js,35,js,607e8756,MarcoLIU27,2025-02-07,18:26:13,-08:00,2025-02-07T18:26:13-08:00,0,45
projects/projects.js,36,js,607e8756,MarcoLIU27,2025-02-07,18:26:13,-08:00,2025-02-07T18:26:13-08:00,0,54
projects/projects.js,37,js,607e8756,MarcoLIU27,2025-02-07,18:26:13,-08:00,2025-02-07T18:26:13-08:00,0,30
projects/projects.js,38,js,607e8756,MarcoLIU27,2025-02-07,18:26:13,-08:00,2025-02-07T18:26:13-08:00,0,15
projects/projects.js,39,js,607e8756,MarcoLIU27,2025-02-07,18:26:13,-08:00,2025-02-07T18:26:13-08:00,0,14
projects/projects.js,40,js,607e8756,MarcoLIU27,2025-02-07,18:26:13,-08:00,2025-02-07T18:26:13-08:00,0,14
projects/projects.js,41,js,607e8756,MarcoLIU27,2025-02-07,18:26:13,-08:00,2025-02-07T18:26:13-08:00,0,25
projects/projects.js,42,js,607e8756,MarcoLIU27,2025-02-07,18:26:13,-08:00,2025-02-07T18:26:13-08:00,0,19
projects/projects.js,43,js,607e8756,MarcoLIU27,2025-02-07,18:26:13,-08:00,2025-02-07T18:26:13-08:00,0,48
projects/projects.js,44,js,607e8756,MarcoLIU27,2025-02-07,18:26:13,-08:00,2025-02-07T18:26:13-08:00,0,26
projects/projects.js,45,js,607e8756,MarcoLIU27,2025-02-07,18:26:13,-08:00,2025-02-07T18:26:13-08:00,0,15
projects/projects.js,46,js,607e8756,MarcoLIU27,2025-02-07,18:26:13,-08:00,2025-02-07T18:26:13-08:00,0,17
projects/projects.js,47,js,607e8756,MarcoLIU27,2025-02-07,18:26:13,-08:00,2025-02-07T18:26:13-08:00,0,27
projects/projects.js,48,js,607e8756,MarcoLIU27,2025-02-07,18:26:13,-08:00,2025-02-07T18:26:13-08:00,0,38
projects/projects.js,49,js,607e8756,MarcoLIU27,2025-02-07,18:26:13,-08:00,2025-02-07T18:26:13-08:00,0,2
projects/projects.js,50,js,607e8756,MarcoLIU27,2025-02-07,18:26:13,-08:00,2025-02-07T18:26:13-08:00,0,19
projects/projects.js,51,js,607e8756,MarcoLIU27,2025-02-07,18:26:13,-08:00,2025-02-07T18:26:13-08:00,0,25
projects/projects.js,52,js,607e8756,MarcoLIU27,2025-02-07,18:26:13,-08:00,2025-02-07T18:26:13-08:00,0,27
projects/projects.js,53,js,607e8756,MarcoLIU27,2025-02-07,18:26:13,-08:00,2025-02-07T18:26:13-08:00,0,61
projects/projects.js,54,js,607e8756,MarcoLIU27,2025-02-07,18:26:13,-08:00,2025-02-07T18:26:13-08:00,0,2
projects/projects.js,55,js,607e8756,MarcoLIU27,2025-02-07,18:26:13,-08:00,2025-02-07T18:26:13-08:00,0,0
projects/projects.js,56,js,607e8756,MarcoLIU27,2025-02-07,18:26:13,-08:00,2025-02-07T18:26:13-08:00,0,26
projects/projects.js,57,js,607e8756,MarcoLIU27,2025-02-07,18:26:13,-08:00,2025-02-07T18:26:13-08:00,0,54
projects/projects.js,58,js,607e8756,MarcoLIU27,2025-02-07,18:26:13,-08:00,2025-02-07T18:26:13-08:00,0,7
projects/projects.js,59,js,607e8756,MarcoLIU27,2025-02-07,18:26:13,-08:00,2025-02-07T18:26:13-08:00,0,49
projects/projects.js,60,js,607e8756,MarcoLIU27,2025-02-07,18:26:13,-08:00,2025-02-07T18:26:13-08:00,0,87
projects/projects.js,61,js,607e8756,MarcoLIU27,2025-02-07,18:26:13,-08:00,2025-02-07T18:26:13-08:00,0,57
projects/projects.js,62,js,607e8756,MarcoLIU27,2025-02-07,18:26:13,-08:00,2025-02-07T18:26:13-08:00,0,0
projects/projects.js,63,js,607e8756,MarcoLIU27,2025-02-07,18:26:13,-08:00,2025-02-07T18:26:13-08:00,0,2
projects/projects.js,64,js,607e8756,MarcoLIU27,2025-02-07,18:26:13,-08:00,2025-02-07T18:26:13-08:00,0,1
projects/projects.js,65,js,607e8756,MarcoLIU27,2025-02-07,18:26:13,-08:00,2025-02-07T18:26:13-08:00,0,36
projects/projects.js,66,js,607e8756,MarcoLIU27,2025-02-07,18:26:13,-08:00,2025-02-07T18:26:13-08:00,0,28
projects/projects.js,67,js,607e8756,MarcoLIU27,2025-02-07,18:26:13,-08:00,2025-02-07T18:26:13-08:00,0,21
projects/projects.js,68,js,607e8756,MarcoLIU27,2025-02-07,18:26:13,-08:00,2025-02-07T18:26:13-08:00,0,94
projects/projects.js,69,js,607e8756,MarcoLIU27,2025-02-07,18:26:13,-08:00,2025-02-07T18:26:13-08:00,0,28
projects/projects.js,70,js,607e8756,MarcoLIU27,2025-02-07,18:26:13,-08:00,2025-02-07T18:26:13-08:00,0,100
projects/projects.js,71,js,607e8756,MarcoLIU27,2025-02-07,18:26:13,-08:00,2025-02-07T18:26:13-08:00,0,1
projects/projects.js,72,js,607e8756,MarcoLIU27,2025-02-07,18:26:13,-08:00,2025-02-07T18:26:13-08:00,0,0
projects/projects.js,73,js,607e8756,MarcoLIU27,2025-02-07,18:26:13,-08:00,2025-02-07T18:26:13-08:00,0,0
projects/projects.js,74,js,607e8756,MarcoLIU27,2025-02-07,18:26:13,-08:00,2025-02-07T18:26:13-08:00,0,31
projects/projects.js,75,js,607e8756,MarcoLIU27,2025-02-07,18:26:13,-08:00,2025-02-07T18:26:13-08:00,0,24
projects/projects.js,76,js,607e8756,MarcoLIU27,2025-02-07,18:26:13,-08:00,2025-02-07T18:26:13-08:00,0,0
projects/projects.js,77,js,607e8756,MarcoLIU27,2025-02-07,18:26:13,-08:00,2025-02-07T18:26:13-08:00,0,12
projects/projects.js,78,js,607e8756,MarcoLIU27,2025-02-07,18:26:13,-08:00,2025-02-07T18:26:13-08:00,0,14
projects/projects.js,79,js,607e8756,MarcoLIU27,2025-02-07,18:26:13,-08:00,2025-02-07T18:26:13-08:00,0,54
projects/projects.js,80,js,607e8756,MarcoLIU27,2025-02-07,18:26:13,-08:00,2025-02-07T18:26:13-08:00,0,0
projects/projects.js,81,js,607e8756,MarcoLIU27,2025-02-07,18:26:13,-08:00,2025-02-07T18:26:13-08:00,0,49
projects/projects.js,82,js,607e8756,MarcoLIU27,2025-02-07,18:26:13,-08:00,2025-02-07T18:26:13-08:00,0,20
projects/projects.js,83,js,607e8756,MarcoLIU27,2025-02-07,18:26:13,-08:00,2025-02-07T18:26:13-08:00,0,26
projects/projects.js,84,js,607e8756,MarcoLIU27,2025-02-07,18:26:13,-08:00,2025-02-07T18:26:13-08:00,0,21
projects/projects.js,85,js,607e8756,MarcoLIU27,2025-02-07,18:26:13,-08:00,2025-02-07T18:26:13-08:00,0,52
projects/projects.js,86,js,607e8756,MarcoLIU27,2025-02-07,18:26:13,-08:00,2025-02-07T18:26:13-08:00,0,60
projects/projects.js,87,js,607e8756,MarcoLIU27,2025-02-07,18:26:13,-08:00,2025-02-07T18:26:13-08:00,0,43
projects/projects.js,88,js,607e8756,MarcoLIU27,2025-02-07,18:26:13,-08:00,2025-02-07T18:26:13-08:00,0,2
projects/projects.js,89,js,607e8756,MarcoLIU27,2025-02-07,18:26:13,-08:00,2025-02-07T18:26:13-08:00,0,26
projects/projects.js,90,js,607e8756,MarcoLIU27,2025-02-07,18:26:13,-08:00,2025-02-07T18:26:13-08:00,0,57
projects/projects.js,91,js,607e8756,MarcoLIU27,2025-02-07,18:26:13,-08:00,2025-02-07T18:26:13-08:00,0,32
projects/projects.js,92,js,607e8756,MarcoLIU27,2025-02-07,18:26:13,-08:00,2025-02-07T18:26:13-08:00,0,2
projects/projects.js,93,js,607e8756,MarcoLIU27,2025-02-07,18:26:13,-08:00,2025-02-07T18:26:13-08:00,0,0
projects/index.html,1,html,6092828c,MarcoLIU27,2025-01-17,06:47:46,-08:00,2025-01-17T06:47:46-08:00,0,14
projects/index.html,2,html,6092828c,MarcoLIU27,2025-01-17,06:47:46,-08:00,2025-01-17T06:47:46-08:00,0,15
projects/index.html,3,html,607e8756,MarcoLIU27,2025-02-07,18:26:13,-08:00,2025-02-07T18:26:13-08:00,0,0
projects/index.html,4,html,6092828c,MarcoLIU27,2025-01-17,06:47:46,-08:00,2025-01-17T06:47:46-08:00,0,5
projects/index.html,5,html,6092828c,MarcoLIU27,2025-01-17,06:47:46,-08:00,2025-01-17T06:47:46-08:00,0,21
projects/index.html,6,html,6092828c,MarcoLIU27,2025-01-17,06:47:46,-08:00,2025-01-17T06:47:46-08:00,0,52
projects/index.html,7,html,6092828c,MarcoLIU27,2025-01-17,06:47:46,-08:00,2025-01-17T06:47:46-08:00,0,69
projects/index.html,8,html,97b50749,MarcoLIU27,2025-01-17,19:53:49,-08:00,2025-01-17T19:53:49-08:00,0,42
projects/index.html,9,html,6092828c,MarcoLIU27,2025-01-17,06:47:46,-08:00,2025-01-17T06:47:46-08:00,0,22
projects/index.html,10,html,6092828c,MarcoLIU27,2025-01-17,06:47:46,-08:00,2025-01-17T06:47:46-08:00,0,6
projects/index.html,11,html,607e8756,MarcoLIU27,2025-02-07,18:26:13,-08:00,2025-02-07T18:26:13-08:00,0,0
projects/index.html,12,html,6092828c,MarcoLIU27,2025-01-17,06:47:46,-08:00,2025-01-17T06:47:46-08:00,0,5
projects/index.html,13,html,0d05d48d,MarcoLIU27,2025-01-31,18:58:49,-08:00,2025-01-31T18:58:49-08:00,0,43
projects/index.html,14,html,607e8756,MarcoLIU27,2025-02-07,18:26:13,-08:00,2025-02-07T18:26:13-08:00,0,31
projects/index.html,15,html,607e8756,MarcoLIU27,2025-02-07,18:26:13,-08:00,2025-02-07T18:26:13-08:00,0,59
projects/index.html,16,html,607e8756,MarcoLIU27,2025-02-07,18:26:13,-08:00,2025-02-07T18:26:13-08:00,0,23
projects/index.html,17,html,607e8756,MarcoLIU27,2025-02-07,18:26:13,-08:00,2025-02-07T18:26:13-08:00,0,5
projects/index.html,18,html,607e8756,MarcoLIU27,2025-02-07,18:26:13,-08:00,2025-02-07T18:26:13-08:00,0,5
projects/index.html,19,html,607e8756,MarcoLIU27,2025-02-07,18:26:13,-08:00,2025-02-07T18:26:13-08:00,0,16
projects/index.html,20,html,607e8756,MarcoLIU27,2025-02-07,18:26:13,-08:00,2025-02-07T18:26:13-08:00,0,12
projects/index.html,21,html,607e8756,MarcoLIU27,2025-02-07,18:26:13,-08:00,2025-02-07T18:26:13-08:00,0,27
projects/index.html,22,html,607e8756,MarcoLIU27,2025-02-07,18:26:13,-08:00,2025-02-07T18:26:13-08:00,0,32
projects/index.html,23,html,607e8756,MarcoLIU27,2025-02-07,18:26:13,-08:00,2025-02-07T18:26:13-08:00,0,1
projects/index.html,24,html,0c657f41,MarcoLIU27,2025-01-17,19:32:25,-08:00,2025-01-17T19:32:25-08:00,0,21
projects/index.html,25,html,0c657f41,MarcoLIU27,2025-01-17,19:32:25,-08:00,2025-01-17T19:32:25-08:00,0,5
projects/index.html,26,html,0d05d48d,MarcoLIU27,2025-01-31,18:58:49,-08:00,2025-01-31T18:58:49-08:00,0,49
projects/index.html,27,html,0d05d48d,MarcoLIU27,2025-01-31,18:58:49,-08:00,2025-01-31T18:58:49-08:00,0,48
projects/index.html,28,html,6092828c,MarcoLIU27,2025-01-17,06:47:46,-08:00,2025-01-17T06:47:46-08:00,0,6
projects/index.html,29,html,607e8756,MarcoLIU27,2025-02-07,18:26:13,-08:00,2025-02-07T18:26:13-08:00,0,0
projects/index.html,30,html,6092828c,MarcoLIU27,2025-01-17,06:47:46,-08:00,2025-01-17T06:47:46-08:00,0,6
meta/main.js,1,js,2c458364,MarcoLIU27,2025-02-14,03:36:20,-08:00,2025-02-14T03:36:20-08:00,0,13
meta/main.js,2,js,2c458364,MarcoLIU27,2025-02-14,03:36:20,-08:00,2025-02-14T03:36:20-08:00,0,16
meta/main.js,3,js,2c458364,MarcoLIU27,2025-02-14,03:36:20,-08:00,2025-02-14T03:36:20-08:00,0,0
meta/main.js,4,js,2c458364,MarcoLIU27,2025-02-14,03:36:20,-08:00,2025-02-14T03:36:20-08:00,0,58
meta/main.js,5,js,2c458364,MarcoLIU27,2025-02-14,03:36:20,-08:00,2025-02-14T03:36:20-08:00,0,16
meta/main.js,6,js,2c458364,MarcoLIU27,2025-02-14,03:36:20,-08:00,2025-02-14T03:36:20-08:00,0,19
meta/main.js,7,js,2c458364,MarcoLIU27,2025-02-14,03:36:20,-08:00,2025-02-14T03:36:20-08:00,0,2
meta/main.js,8,js,2c458364,MarcoLIU27,2025-02-14,03:36:20,-08:00,2025-02-14T03:36:20-08:00,0,0
meta/main.js,9,js,2c458364,MarcoLIU27,2025-02-14,03:36:20,-08:00,2025-02-14T03:36:20-08:00,0,26
meta/main.js,10,js,2c458364,MarcoLIU27,2025-02-14,03:36:20,-08:00,2025-02-14T03:36:20-08:00,0,41
meta/main.js,11,js,2c458364,MarcoLIU27,2025-02-14,03:36:20,-08:00,2025-02-14T03:36:20-08:00,0,6
meta/main.js,12,js,2c458364,MarcoLIU27,2025-02-14,03:36:20,-08:00,2025-02-14T03:36:20-08:00,0,43
meta/main.js,13,js,2c458364,MarcoLIU27,2025-02-14,03:36:20,-08:00,2025-02-14T03:36:20-08:00,0,24
meta/main.js,14,js,2c458364,MarcoLIU27,2025-02-14,03:36:20,-08:00,2025-02-14T03:36:20-08:00,0,26
meta/main.js,15,js,2c458364,MarcoLIU27,2025-02-14,03:36:20,-08:00,2025-02-14T03:36:20-08:00,0,50
meta/main.js,16,js,2c458364,MarcoLIU27,2025-02-14,03:36:20,-08:00,2025-02-14T03:36:20-08:00,0,32
meta/main.js,17,js,2c458364,MarcoLIU27,2025-02-14,03:36:20,-08:00,2025-02-14T03:36:20-08:00,0,3
meta/main.js,18,js,2c458364,MarcoLIU27,2025-02-14,03:36:20,-08:00,2025-02-14T03:36:20-08:00,0,14
meta/main.js,19,js,2c458364,MarcoLIU27,2025-02-14,03:36:20,-08:00,2025-02-14T03:36:20-08:00,0,0
meta/main.js,20,js,2c458364,MarcoLIU27,2025-02-14,03:36:20,-08:00,2025-02-14T03:36:20-08:00,0,0
meta/main.js,21,js,2c458364,MarcoLIU27,2025-02-14,03:36:20,-08:00,2025-02-14T03:36:20-08:00,0,26
meta/main.js,22,js,2c458364,MarcoLIU27,2025-02-14,03:36:20,-08:00,2025-02-14T03:36:20-08:00,0,11
meta/main.js,23,js,2c458364,MarcoLIU27,2025-02-14,03:36:20,-08:00,2025-02-14T03:36:20-08:00,0,29
meta/main.js,24,js,2c458364,MarcoLIU27,2025-02-14,03:36:20,-08:00,2025-02-14T03:36:20-08:00,0,26
meta/main.js,25,js,2c458364,MarcoLIU27,2025-02-14,03:36:20,-08:00,2025-02-14T03:36:20-08:00,0,20
meta/main.js,26,js,2c458364,MarcoLIU27,2025-02-14,03:36:20,-08:00,2025-02-14T03:36:20-08:00,0,54
meta/main.js,27,js,2c458364,MarcoLIU27,2025-02-14,03:36:20,-08:00,2025-02-14T03:36:20-08:00,0,10
meta/main.js,28,js,2c458364,MarcoLIU27,2025-02-14,03:36:20,-08:00,2025-02-14T03:36:20-08:00,0,10
meta/main.js,29,js,2c458364,MarcoLIU27,2025-02-14,03:36:20,-08:00,2025-02-14T03:36:20-08:00,0,60
meta/main.js,30,js,2c458364,MarcoLIU27,2025-02-14,03:36:20,-08:00,2025-02-14T03:36:20-08:00,0,6
meta/main.js,31,js,2c458364,MarcoLIU27,2025-02-14,03:36:20,-08:00,2025-02-14T03:36:20-08:00,0,4
meta/main.js,32,js,2c458364,MarcoLIU27,2025-02-14,03:36:20,-08:00,2025-02-14T03:36:20-08:00,0,4
meta/main.js,33,js,2c458364,MarcoLIU27,2025-02-14,03:36:20,-08:00,2025-02-14T03:36:20-08:00,0,8
meta/main.js,34,js,2c458364,MarcoLIU27,2025-02-14,03:36:20,-08:00,2025-02-14T03:36:20-08:00,0,8
meta/main.js,35,js,2c458364,MarcoLIU27,2025-02-14,03:36:20,-08:00,2025-02-14T03:36:20-08:00,0,58
meta/main.js,36,js,2c458364,MarcoLIU27,2025-02-14,03:36:20,-08:00,2025-02-14T03:36:20-08:00,0,24
meta/main.js,37,js,2c458364,MarcoLIU27,2025-02-14,03:36:20,-08:00,2025-02-14T03:36:20-08:00,0,1
meta/main.js,38,js,2c458364,MarcoLIU27,2025-02-14,03:36:20,-08:00,2025-02-14T03:36:20-08:00,0,0
meta/main.js,39,js,2c458364,MarcoLIU27,2025-02-14,03:36:20,-08:00,2025-02-14T03:36:20-08:00,0,36
meta/main.js,40,js,2c458364,MarcoLIU27,2025-02-14,03:36:20,-08:00,2025-02-14T03:36:20-08:00,0,12
meta/main.js,41,js,2c458364,MarcoLIU27,2025-02-14,03:36:20,-08:00,2025-02-14T03:36:20-08:00,0,18
meta/main.js,42,js,2c458364,MarcoLIU27,2025-02-14,03:36:20,-08:00,2025-02-14T03:36:20-08:00,0,14
meta/main.js,43,js,2c458364,MarcoLIU27,2025-02-14,03:36:20,-08:00,2025-02-14T03:36:20-08:00,0,16
meta/main.js,44,js,2c458364,MarcoLIU27,2025-02-14,03:36:20,-08:00,2025-02-14T03:36:20-08:00,0,2
meta/main.js,45,js,2c458364,MarcoLIU27,2025-02-14,03:36:20,-08:00,2025-02-14T03:36:20-08:00,0,0
meta/main.js,46,js,2c458364,MarcoLIU27,2025-02-14,03:36:20,-08:00,2025-02-14T03:36:20-08:00,0,10
meta/main.js,47,js,2c458364,MarcoLIU27,2025-02-14,03:36:20,-08:00,2025-02-14T03:36:20-08:00,0,2
meta/main.js,48,js,2c458364,MarcoLIU27,2025-02-14,03:36:20,-08:00,2025-02-14T03:36:20-08:00,0,0
meta/main.js,49,js,2c458364,MarcoLIU27,2025-02-14,03:36:20,-08:00,2025-02-14T03:36:20-08:00,0,0
meta/main.js,50,js,2c458364,MarcoLIU27,2025-02-14,03:36:20,-08:00,2025-02-14T03:36:20-08:00,0,24
meta/main.js,51,js,2c458364,MarcoLIU27,2025-02-14,03:36:20,-08:00,2025-02-14T03:36:20-08:00,0,23
meta/main.js,52,js,2c458364,MarcoLIU27,2025-02-14,03:36:20,-08:00,2025-02-14T03:36:20-08:00,0,16
meta/main.js,53,js,2c458364,MarcoLIU27,2025-02-14,03:36:20,-08:00,2025-02-14T03:36:20-08:00,0,0
meta/main.js,54,js,2c458364,MarcoLIU27,2025-02-14,03:36:20,-08:00,2025-02-14T03:36:20-08:00,0,23
meta/main.js,55,js,2c458364,MarcoLIU27,2025-02-14,03:36:20,-08:00,2025-02-14T03:36:20-08:00,0,84
meta/main.js,56,js,2c458364,MarcoLIU27,2025-02-14,03:36:20,-08:00,2025-02-14T03:36:20-08:00,0,0
meta/main.js,57,js,2c458364,MarcoLIU27,2025-02-14,03:36:20,-08:00,2025-02-14T03:36:20-08:00,0,15
meta/main.js,58,js,2c458364,MarcoLIU27,2025-02-14,03:36:20,-08:00,2025-02-14T03:36:20-08:00,0,68
meta/main.js,59,js,2c458364,MarcoLIU27,2025-02-14,03:36:20,-08:00,2025-02-14T03:36:20-08:00,0,33
meta/main.js,60,js,2c458364,MarcoLIU27,2025-02-14,03:36:20,-08:00,2025-02-14T03:36:20-08:00,0,0
meta/main.js,61,js,2c458364,MarcoLIU27,2025-02-14,03:36:20,-08:00,2025-02-14T03:36:20-08:00,0,19
meta/main.js,62,js,2c458364,MarcoLIU27,2025-02-14,03:36:20,-08:00,2025-02-14T03:36:20-08:00,0,31
meta/main.js,63,js,2c458364,MarcoLIU27,2025-02-14,03:36:20,-08:00,2025-02-14T03:36:20-08:00,0,36
meta/main.js,64,js,2c458364,MarcoLIU27,2025-02-14,03:36:20,-08:00,2025-02-14T03:36:20-08:00,0,0
meta/main.js,65,js,2c458364,MarcoLIU27,2025-02-14,03:36:20,-08:00,2025-02-14T03:36:20-08:00,0,37
meta/main.js,66,js,2c458364,MarcoLIU27,2025-02-14,03:36:20,-08:00,2025-02-14T03:36:20-08:00,0,29
meta/main.js,67,js,2c458364,MarcoLIU27,2025-02-14,03:36:20,-08:00,2025-02-14T03:36:20-08:00,0,54
meta/main.js,68,js,2c458364,MarcoLIU27,2025-02-14,03:36:20,-08:00,2025-02-14T03:36:20-08:00,0,0
meta/main.js,69,js,2c458364,MarcoLIU27,2025-02-14,03:36:20,-08:00,2025-02-14T03:36:20-08:00,0,31
meta/main.js,70,js,2c458364,MarcoLIU27,2025-02-14,03:36:20,-08:00,2025-02-14T03:36:20-08:00,0,30
meta/main.js,71,js,2c458364,MarcoLIU27,2025-02-14,03:36:20,-08:00,2025-02-14T03:36:20-08:00,0,4
meta/main.js,72,js,2c458364,MarcoLIU27,2025-02-14,03:36:20,-08:00,2025-02-14T03:36:20-08:00,0,31
meta/main.js,73,js,2c458364,MarcoLIU27,2025-02-14,03:36:20,-08:00,2025-02-14T03:36:20-08:00,0,12
meta/main.js,74,js,2c458364,MarcoLIU27,2025-02-14,03:36:20,-08:00,2025-02-14T03:36:20-08:00,0,1
meta/main.js,75,js,2c458364,MarcoLIU27,2025-02-14,03:36:20,-08:00,2025-02-14T03:36:20-08:00,0,39
meta/main.js,76,js,2c458364,MarcoLIU27,2025-02-14,03:36:20,-08:00,2025-02-14T03:36:20-08:00,0,65
meta/main.js,77,js,2c458364,MarcoLIU27,2025-02-14,03:36:20,-08:00,2025-02-14T03:36:20-08:00,0,0
meta/main.js,78,js,2c458364,MarcoLIU27,2025-02-14,03:36:20,-08:00,2025-02-14T03:36:20-08:00,0,14
meta/main.js,79,js,2c458364,MarcoLIU27,2025-02-14,03:36:20,-08:00,2025-02-14T03:36:20-08:00,0,36
meta/main.js,80,js,2c458364,MarcoLIU27,2025-02-14,03:36:20,-08:00,2025-02-14T03:36:20-08:00,0,59
meta/main.js,81,js,2c458364,MarcoLIU27,2025-02-14,03:36:20,-08:00,2025-02-14T03:36:20-08:00,0,0
meta/main.js,82,js,2c458364,MarcoLIU27,2025-02-14,03:36:20,-08:00,2025-02-14T03:36:20-08:00,0,31
meta/main.js,83,js,2c458364,MarcoLIU27,2025-02-14,03:36:20,-08:00,2025-02-14T03:36:20-08:00,0,4
meta/main.js,84,js,2c458364,MarcoLIU27,2025-02-14,03:36:20,-08:00,2025-02-14T03:36:20-08:00,0,15
meta/main.js,85,js,2c458364,MarcoLIU27,2025-02-14,03:36:20,-08:00,2025-02-14T03:36:20-08:00,0,71
meta/main.js,86,js,2c458364,MarcoLIU27,2025-02-14,03:36:20,-08:00,2025-02-14T03:36:20-08:00,0,1
meta/main.js,87,js,2c458364,MarcoLIU27,2025-02-14,03:36:20,-08:00,2025-02-14T03:36:20-08:00,0,61
meta/main.js,88,js,2c458364,MarcoLIU27,2025-02-14,03:36:20,-08:00,2025-02-14T03:36:20-08:00,0,46
meta/main.js,89,js,2c458364,MarcoLIU27,2025-02-14,03:36:20,-08:00,2025-02-14T03:36:20-08:00,0,31
meta/main.js,90,js,2c458364,MarcoLIU27,2025-02-14,03:36:20,-08:00,2025-02-14T03:36:20-08:00,0,0
meta/main.js,91,js,2c458364,MarcoLIU27,2025-02-14,03:36:20,-08:00,2025-02-14T03:36:20-08:00,0,0
meta/main.js,92,js,2c458364,MarcoLIU27,2025-02-14,03:36:20,-08:00,2025-02-14T03:36:20-08:00,0,0
meta/main.js,93,js,2c458364,MarcoLIU27,2025-02-14,03:36:20,-08:00,2025-02-14T03:36:20-08:00,0,54
meta/main.js,94,js,2c458364,MarcoLIU27,2025-02-14,03:36:20,-08:00,2025-02-14T03:36:20-08:00,0,29
meta/main.js,95,js,2c458364,MarcoLIU27,2025-02-14,03:36:20,-08:00,2025-02-14T03:36:20-08:00,0,18
meta/main.js,96,js,2c458364,MarcoLIU27,2025-02-14,03:36:20,-08:00,2025-02-14T03:36:20-08:00,0,18
meta/main.js,97,js,2c458364,MarcoLIU27,2025-02-14,03:36:20,-08:00,2025-02-14T03:36:20-08:00,0,0
meta/main.js,98,js,2c458364,MarcoLIU27,2025-02-14,03:36:20,-08:00,2025-02-14T03:36:20-08:00,0,13
meta/main.js,99,js,2c458364,MarcoLIU27,2025-02-14,03:36:20,-08:00,2025-02-14T03:36:20-08:00,0,16
meta/main.js,100,js,2c458364,MarcoLIU27,2025-02-14,03:36:20,-08:00,2025-02-14T03:36:20-08:00,0,13
meta/main.js,101,js,2c458364,MarcoLIU27,2025-02-14,03:36:20,-08:00,2025-02-14T03:36:20-08:00,0,41
meta/main.js,102,js,2c458364,MarcoLIU27,2025-02-14,03:36:20,-08:00,2025-02-14T03:36:20-08:00,0,29
meta/main.js,103,js,2c458364,MarcoLIU27,2025-02-14,03:36:20,-08:00,2025-02-14T03:36:20-08:00,0,0
meta/main.js,104,js,2c458364,MarcoLIU27,2025-02-14,03:36:20,-08:00,2025-02-14T03:36:20-08:00,0,16
meta/main.js,105,js,2c458364,MarcoLIU27,2025-02-14,03:36:20,-08:00,2025-02-14T03:36:20-08:00,0,11
meta/main.js,106,js,2c458364,MarcoLIU27,2025-02-14,03:36:20,-08:00,2025-02-14T03:36:20-08:00,0,45
meta/main.js,107,js,2c458364,MarcoLIU27,2025-02-14,03:36:20,-08:00,2025-02-14T03:36:20-08:00,0,7
meta/main.js,108,js,2c458364,MarcoLIU27,2025-02-14,03:36:20,-08:00,2025-02-14T03:36:20-08:00,0,0
meta/main.js,109,js,2c458364,MarcoLIU27,2025-02-14,03:36:20,-08:00,2025-02-14T03:36:20-08:00,0,47
meta/main.js,110,js,2c458364,MarcoLIU27,2025-02-14,03:36:20,-08:00,2025-02-14T03:36:20-08:00,0,0
meta/main.js,111,js,2c458364,MarcoLIU27,2025-02-14,03:36:20,-08:00,2025-02-14T03:36:20-08:00,0,59
meta/main.js,112,js,2c458364,MarcoLIU27,2025-02-14,03:36:20,-08:00,2025-02-14T03:36:20-08:00,0,19
meta/main.js,113,js,2c458364,MarcoLIU27,2025-02-14,03:36:20,-08:00,2025-02-14T03:36:20-08:00,0,15
meta/main.js,114,js,2c458364,MarcoLIU27,2025-02-14,03:36:20,-08:00,2025-02-14T03:36:20-08:00,0,27
meta/main.js,115,js,2c458364,MarcoLIU27,2025-02-14,03:36:20,-08:00,2025-02-14T03:36:20-08:00,0,30
meta/main.js,116,js,2c458364,MarcoLIU27,2025-02-14,03:36:20,-08:00,2025-02-14T03:36:20-08:00,0,17
meta/main.js,117,js,2c458364,MarcoLIU27,2025-02-14,03:36:20,-08:00,2025-02-14T03:36:20-08:00,0,41
meta/main.js,118,js,2c458364,MarcoLIU27,2025-02-14,03:36:20,-08:00,2025-02-14T03:36:20-08:00,0,43
meta/main.js,119,js,2c458364,MarcoLIU27,2025-02-14,03:36:20,-08:00,2025-02-14T03:36:20-08:00,0,1
meta/main.js,120,js,2c458364,MarcoLIU27,2025-02-14,03:36:20,-08:00,2025-02-14T03:36:20-08:00,0,0
meta/main.js,121,js,2c458364,MarcoLIU27,2025-02-14,03:36:20,-08:00,2025-02-14T03:36:20-08:00,0,31
meta/main.js,122,js,2c458364,MarcoLIU27,2025-02-14,03:36:20,-08:00,2025-02-14T03:36:20-08:00,0,49
meta/main.js,123,js,2c458364,MarcoLIU27,2025-02-14,03:36:20,-08:00,2025-02-14T03:36:20-08:00,0,49
meta/main.js,124,js,2c458364,MarcoLIU27,2025-02-14,03:36:20,-08:00,2025-02-14T03:36:20-08:00,0,0
meta/main.js,125,js,2c458364,MarcoLIU27,2025-02-14,03:36:20,-08:00,2025-02-14T03:36:20-08:00,0,17
meta/main.js,126,js,2c458364,MarcoLIU27,2025-02-14,03:36:20,-08:00,2025-02-14T03:36:20-08:00,0,35
meta/main.js,127,js,2c458364,MarcoLIU27,2025-02-14,03:36:20,-08:00,2025-02-14T03:36:20-08:00,0,15
meta/main.js,128,js,2c458364,MarcoLIU27,2025-02-14,03:36:20,-08:00,2025-02-14T03:36:20-08:00,0,16
meta/main.js,129,js,2c458364,MarcoLIU27,2025-02-14,03:36:20,-08:00,2025-02-14T03:36:20-08:00,0,59
meta/main.js,130,js,2c458364,MarcoLIU27,2025-02-14,03:36:20,-08:00,2025-02-14T03:36:20-08:00,0,0
meta/main.js,131,js,2c458364,MarcoLIU27,2025-02-14,03:36:20,-08:00,2025-02-14T03:36:20-08:00,0,12
meta/main.js,132,js,2c458364,MarcoLIU27,2025-02-14,03:36:20,-08:00,2025-02-14T03:36:20-08:00,0,2
meta/main.js,133,js,2c458364,MarcoLIU27,2025-02-14,03:36:20,-08:00,2025-02-14T03:36:20-08:00,0,11
meta/main.js,134,js,2c458364,MarcoLIU27,2025-02-14,03:36:20,-08:00,2025-02-14T03:36:20-08:00,0,55
meta/main.js,135,js,2c458364,MarcoLIU27,2025-02-14,03:36:20,-08:00,2025-02-14T03:36:20-08:00,0,12
meta/main.js,136,js,2c458364,MarcoLIU27,2025-02-14,03:36:20,-08:00,2025-02-14T03:36:20-08:00,0,0
meta/main.js,137,js,2c458364,MarcoLIU27,2025-02-14,03:36:20,-08:00,2025-02-14T03:36:20-08:00,0,12
meta/main.js,138,js,2c458364,MarcoLIU27,2025-02-14,03:36:20,-08:00,2025-02-14T03:36:20-08:00,0,2
meta/main.js,139,js,2c458364,MarcoLIU27,2025-02-14,03:36:20,-08:00,2025-02-14T03:36:20-08:00,0,11
meta/main.js,140,js,2c458364,MarcoLIU27,2025-02-14,03:36:20,-08:00,2025-02-14T03:36:20-08:00,0,53
meta/main.js,141,js,2c458364,MarcoLIU27,2025-02-14,03:36:20,-08:00,2025-02-14T03:36:20-08:00,0,12
meta/main.js,142,js,2c458364,MarcoLIU27,2025-02-14,03:36:20,-08:00,2025-02-14T03:36:20-08:00,0,0
meta/main.js,143,js,2c458364,MarcoLIU27,2025-02-14,03:36:20,-08:00,2025-02-14T03:36:20-08:00,0,50
meta/main.js,144,js,2c458364,MarcoLIU27,2025-02-14,03:36:20,-08:00,2025-02-14T03:36:20-08:00,0,0
meta/main.js,145,js,2c458364,MarcoLIU27,2025-02-14,03:36:20,-08:00,2025-02-14T03:36:20-08:00,0,3
meta/main.js,146,js,2c458364,MarcoLIU27,2025-02-14,03:36:20,-08:00,2025-02-14T03:36:20-08:00,0,19
meta/main.js,147,js,2c458364,MarcoLIU27,2025-02-14,03:36:20,-08:00,2025-02-14T03:36:20-08:00,0,13
meta/main.js,148,js,2c458364,MarcoLIU27,2025-02-14,03:36:20,-08:00,2025-02-14T03:36:20-08:00,0,14
meta/main.js,149,js,2c458364,MarcoLIU27,2025-02-14,03:36:20,-08:00,2025-02-14T03:36:20-08:00,0,37
meta/main.js,150,js,2c458364,MarcoLIU27,2025-02-14,03:36:20,-08:00,2025-02-14T03:36:20-08:00,0,37
meta/main.js,151,js,2c458364,MarcoLIU27,2025-02-14,03:36:20,-08:00,2025-02-14T03:36:20-08:00,0,12
meta/main.js,152,js,2c458364,MarcoLIU27,2025-02-14,03:36:20,-08:00,2025-02-14T03:36:20-08:00,0,19
meta/main.js,153,js,2c458364,MarcoLIU27,2025-02-14,03:36:20,-08:00,2025-02-14T03:36:20-08:00,0,34
meta/main.js,154,js,2c458364,MarcoLIU27,2025-02-14,03:36:20,-08:00,2025-02-14T03:36:20-08:00,0,56
meta/main.js,155,js,2c458364,MarcoLIU27,2025-02-14,03:36:20,-08:00,2025-02-14T03:36:20-08:00,0,2
meta/main.js,156,js,2c458364,MarcoLIU27,2025-02-14,03:36:20,-08:00,2025-02-14T03:36:20-08:00,0,0
meta/main.js,157,js,2c458364,MarcoLIU27,2025-02-14,03:36:20,-08:00,2025-02-14T03:36:20-08:00,0,31
meta/main.js,158,js,2c458364,MarcoLIU27,2025-02-14,03:36:20,-08:00,2025-02-14T03:36:20-08:00,0,20
meta/main.js,159,js,2c458364,MarcoLIU27,2025-02-14,03:36:20,-08:00,2025-02-14T03:36:20-08:00,0,11
meta/main.js,160,js,2c458364,MarcoLIU27,2025-02-14,03:36:20,-08:00,2025-02-14T03:36:20-08:00,0,26
meta/main.js,161,js,2c458364,MarcoLIU27,2025-02-14,03:36:20,-08:00,2025-02-14T03:36:20-08:00,0,54
meta/main.js,162,js,2c458364,MarcoLIU27,2025-02-14,03:36:20,-08:00,2025-02-14T03:36:20-08:00,0,0
meta/main.js,163,js,2c458364,MarcoLIU27,2025-02-14,03:36:20,-08:00,2025-02-14T03:36:20-08:00,0,65
meta/main.js,164,js,2c458364,MarcoLIU27,2025-02-14,03:36:20,-08:00,2025-02-14T03:36:20-08:00,0,78
meta/main.js,165,js,2c458364,MarcoLIU27,2025-02-14,03:36:20,-08:00,2025-02-14T03:36:20-08:00,0,0
meta/main.js,166,js,2c458364,MarcoLIU27,2025-02-14,03:36:20,-08:00,2025-02-14T03:36:20-08:00,0,0
meta/main.js,167,js,2c458364,MarcoLIU27,2025-02-14,03:36:20,-08:00,2025-02-14T03:36:20-08:00,0,38
meta/main.js,168,js,2c458364,MarcoLIU27,2025-02-14,03:36:20,-08:00,2025-02-14T03:36:20-08:00,0,51
meta/main.js,169,js,2c458364,MarcoLIU27,2025-02-14,03:36:20,-08:00,2025-02-14T03:36:20-08:00,0,51
meta/main.js,170,js,2c458364,MarcoLIU27,2025-02-14,03:36:20,-08:00,2025-02-14T03:36:20-08:00,0,0
meta/main.js,171,js,2c458364,MarcoLIU27,2025-02-14,03:36:20,-08:00,2025-02-14T03:36:20-08:00,0,44
meta/main.js,172,js,2c458364,MarcoLIU27,2025-02-14,03:36:20,-08:00,2025-02-14T03:36:20-08:00,0,0
meta/main.js,173,js,2c458364,MarcoLIU27,2025-02-14,03:36:20,-08:00,2025-02-14T03:36:20-08:00,0,22
meta/main.js,174,js,2c458364,MarcoLIU27,2025-02-14,03:36:20,-08:00,2025-02-14T03:36:20-08:00,0,28
meta/main.js,175,js,2c458364,MarcoLIU27,2025-02-14,03:36:20,-08:00,2025-02-14T03:36:20-08:00,0,57
meta/main.js,176,js,2c458364,MarcoLIU27,2025-02-14,03:36:20,-08:00,2025-02-14T03:36:20-08:00,0,17
meta/main.js,177,js,2c458364,MarcoLIU27,2025-02-14,03:36:20,-08:00,2025-02-14T03:36:20-08:00,0,2
meta/main.js,178,js,2c458364,MarcoLIU27,2025-02-14,03:36:20,-08:00,2025-02-14T03:36:20-08:00,0,0
meta/index.html,1,html,81535237,MarcoLIU27,2025-02-13,18:07:27,-08:00,2025-02-13T18:07:27-08:00,0,14
meta/index.html,2,html,81535237,MarcoLIU27,2025-02-13,18:07:27,-08:00,2025-02-13T18:07:27-08:00,0,15
meta/index.html,3,html,81535237,MarcoLIU27,2025-02-13,18:07:27,-08:00,2025-02-13T18:07:27-08:00,0,5
meta/index.html,4,html,81535237,MarcoLIU27,2025-02-13,18:07:27,-08:00,2025-02-13T18:07:27-08:00,0,21
meta/index.html,5,html,81535237,MarcoLIU27,2025-02-13,18:07:27,-08:00,2025-02-13T18:07:27-08:00,0,52
meta/index.html,6,html,81535237,MarcoLIU27,2025-02-13,18:07:27,-08:00,2025-02-13T18:07:27-08:00,0,69
meta/index.html,7,html,81535237,MarcoLIU27,2025-02-13,18:07:27,-08:00,2025-02-13T18:07:27-08:00,0,42
meta/index.html,8,html,81535237,MarcoLIU27,2025-02-13,18:07:27,-08:00,2025-02-13T18:07:27-08:00,0,18
meta/index.html,9,html,81535237,MarcoLIU27,2025-02-13,18:07:27,-08:00,2025-02-13T18:07:27-08:00,0,6
meta/index.html,10,html,81535237,MarcoLIU27,2025-02-13,18:07:27,-08:00,2025-02-13T18:07:27-08:00,0,5
meta/index.html,11,html,81535237,MarcoLIU27,2025-02-13,18:07:27,-08:00,2025-02-13T18:07:27-08:00,0,14
meta/index.html,12,html,2c458364,MarcoLIU27,2025-02-14,03:36:20,-08:00,2025-02-14T03:36:20-08:00,0,37
meta/index.html,13,html,2c458364,MarcoLIU27,2025-02-14,03:36:20,-08:00,2025-02-14T03:36:20-08:00,0,29
meta/index.html,14,html,2c458364,MarcoLIU27,2025-02-14,03:36:20,-08:00,2025-02-14T03:36:20-08:00,0,52
meta/index.html,15,html,2c458364,MarcoLIU27,2025-02-14,03:36:20,-08:00,2025-02-14T03:36:20-08:00,0,21
meta/index.html,16,html,2c458364,MarcoLIU27,2025-02-14,03:36:20,-08:00,2025-02-14T03:36:20-08:00,0,44
meta/index.html,17,html,2c458364,MarcoLIU27,2025-02-14,03:36:20,-08:00,2025-02-14T03:36:20-08:00,0,14
meta/index.html,18,html,2c458364,MarcoLIU27,2025-02-14,03:36:20,-08:00,2025-02-14T03:36:20-08:00,0,3
meta/index.html,19,html,2c458364,MarcoLIU27,2025-02-14,03:36:20,-08:00,2025-02-14T03:36:20-08:00,0,47
meta/index.html,20,html,2c458364,MarcoLIU27,2025-02-14,03:36:20,-08:00,2025-02-14T03:36:20-08:00,0,4
meta/index.html,21,html,2c458364,MarcoLIU27,2025-02-14,03:36:20,-08:00,2025-02-14T03:36:20-08:00,0,0
meta/index.html,22,html,2c458364,MarcoLIU27,2025-02-14,03:36:20,-08:00,2025-02-14T03:36:20-08:00,0,12
meta/index.html,23,html,2c458364,MarcoLIU27,2025-02-14,03:36:20,-08:00,2025-02-14T03:36:20-08:00,0,25
meta/index.html,24,html,2c458364,MarcoLIU27,2025-02-14,03:36:20,-08:00,2025-02-14T03:36:20-08:00,0,0
meta/index.html,25,html,2c458364,MarcoLIU27,2025-02-14,03:36:20,-08:00,2025-02-14T03:36:20-08:00,0,39
meta/index.html,26,html,2c458364,MarcoLIU27,2025-02-14,03:36:20,-08:00,2025-02-14T03:36:20-08:00,0,4
meta/index.html,27,html,81535237,MarcoLIU27,2025-02-13,18:07:27,-08:00,2025-02-13T18:07:27-08:00,0,49
meta/index.html,28,html,2c458364,MarcoLIU27,2025-02-14,03:36:20,-08:00,2025-02-14T03:36:20-08:00,0,44
meta/index.html,29,html,2c458364,MarcoLIU27,2025-02-14,03:36:20,-08:00,2025-02-14T03:36:20-08:00,0,52
meta/index.html,30,html,81535237,MarcoLIU27,2025-02-13,18:07:27,-08:00,2025-02-13T18:07:27-08:00,0,6
meta/index.html,31,html,81535237,MarcoLIU27,2025-02-13,18:07:27,-08:00,2025-02-13T18:07:27-08:00,0,6
contact/index.html,1,html,6092828c,MarcoLIU27,2025-01-17,06:47:46,-08:00,2025-01-17T06:47:46-08:00,0,14
contact/index.html,2,html,6092828c,MarcoLIU27,2025-01-17,06:47:46,-08:00,2025-01-17T06:47:46-08:00,0,15
contact/index.html,3,html,6092828c,MarcoLIU27,2025-01-17,06:47:46,-08:00,2025-01-17T06:47:46-08:00,0,5
contact/index.html,4,html,6092828c,MarcoLIU27,2025-01-17,06:47:46,-08:00,2025-01-17T06:47:46-08:00,0,21
contact/index.html,5,html,6092828c,MarcoLIU27,2025-01-17,06:47:46,-08:00,2025-01-17T06:47:46-08:00,0,52
contact/index.html,6,html,6092828c,MarcoLIU27,2025-01-17,06:47:46,-08:00,2025-01-17T06:47:46-08:00,0,69
contact/index.html,7,html,97b50749,MarcoLIU27,2025-01-17,19:53:49,-08:00,2025-01-17T19:53:49-08:00,0,42
contact/index.html,8,html,6092828c,MarcoLIU27,2025-01-17,06:47:46,-08:00,2025-01-17T06:47:46-08:00,0,24
contact/index.html,9,html,6092828c,MarcoLIU27,2025-01-17,06:47:46,-08:00,2025-01-17T06:47:46-08:00,0,6
contact/index.html,10,html,6092828c,MarcoLIU27,2025-01-17,06:47:46,-08:00,2025-01-17T06:47:46-08:00,0,5
contact/index.html,11,html,6092828c,MarcoLIU27,2025-01-17,06:47:46,-08:00,2025-01-17T06:47:46-08:00,0,20
contact/index.html,12,html,7932103c,MarcoLIU27,2025-01-24,03:39:46,-08:00,2025-01-24T03:39:46-08:00,0,84
contact/index.html,13,html,6092828c,MarcoLIU27,2025-01-17,06:47:46,-08:00,2025-01-17T06:47:46-08:00,0,14
contact/index.html,14,html,6092828c,MarcoLIU27,2025-01-17,06:47:46,-08:00,2025-01-17T06:47:46-08:00,0,21
contact/index.html,15,html,6092828c,MarcoLIU27,2025-01-17,06:47:46,-08:00,2025-01-17T06:47:46-08:00,0,7
contact/index.html,16,html,6092828c,MarcoLIU27,2025-01-17,06:47:46,-08:00,2025-01-17T06:47:46-08:00,0,14
contact/index.html,17,html,6092828c,MarcoLIU27,2025-01-17,06:47:46,-08:00,2025-01-17T06:47:46-08:00,0,32
contact/index.html,18,html,6092828c,MarcoLIU27,2025-01-17,06:47:46,-08:00,2025-01-17T06:47:46-08:00,0,7
contact/index.html,19,html,6092828c,MarcoLIU27,2025-01-17,06:47:46,-08:00,2025-01-17T06:47:46-08:00,0,20
contact/index.html,20,html,6092828c,MarcoLIU27,2025-01-17,06:47:46,-08:00,2025-01-17T06:47:46-08:00,0,6
contact/index.html,21,html,4d1ca9c2,MarcoLIU27,2025-01-24,03:13:00,-08:00,2025-01-24T03:13:00-08:00,0,49
contact/index.html,22,html,6092828c,MarcoLIU27,2025-01-17,06:47:46,-08:00,2025-01-17T06:47:46-08:00,0,6
contact/index.html,23,html,6092828c,MarcoLIU27,2025-01-17,06:47:46,-08:00,2025-01-17T06:47:46-08:00,0,6
